date,count,mean,std,min,5%,50%,95%,max,approx_up,approx_down,"R (combined, estimate)"
2021-09-28,10.0,1.0249051999999998,0.33076994975790114,0.416487,0.5366136,0.985826,1.4110801,1.446532,1.4110801,0.5366136,0.985826
2021-09-29,14.0,1.0928890714285713,0.28908494649057054,0.457265,0.6581871499999999,1.0211215,1.42998195,1.600254,1.42998195,0.6581871499999999,1.0211215
2021-09-30,18.0,1.1884035555555557,0.3119126646175972,0.576163,0.84071275,1.154897,1.7503147999999997,1.954495,1.7503147999999997,0.84071275,1.154897
2021-10-01,22.0,1.2950292272727273,0.33696209296057983,0.860094,0.95960075,1.2467495,1.7872459,2.347965,1.7872459,0.95960075,1.2467495
2021-10-02,25.0,1.3096078400000002,0.2393144742670684,0.991803,1.053839,1.2451,1.7874213999999997,2.016354,1.7874213999999997,1.053839,1.2451
2021-10-03,27.0,1.3344293703703702,0.26641787745759743,1.028369,1.091593,1.260671,1.8176615999999999,2.203158,1.8176615999999999,1.091593,1.260671
2021-10-04,28.0,1.362258214285714,0.3485732006848147,1.065826,1.1248495,1.2591895,1.7646098499999998,2.856401,1.7646098499999998,1.1248495,1.2591895
2021-10-05,28.0,1.37431125,0.3915084669361737,1.103135,1.15486285,1.2546895,1.76036895,3.127678,1.76036895,1.15486285,1.2546895
2021-10-06,28.0,1.3694985357142857,0.3819896945040468,1.139242,1.1629763,1.250698,1.81504625,3.088536,1.81504625,1.1629763,1.250698
2021-10-07,28.0,1.3554323214285713,0.34587592039139786,1.15417,1.15714155,1.255692,1.7985413999999997,2.907204,1.7985413999999997,1.15714155,1.255692
2021-10-08,28.0,1.3346464285714283,0.28400328994409346,1.145874,1.1519464,1.256256,1.6983932499999999,2.601691,1.6983932499999999,1.1519464,1.256256
2021-10-09,28.0,1.3067083571428573,0.18005074179163935,1.121372,1.1461126000000001,1.256364,1.61271335,2.008671,1.61271335,1.1461126000000001,1.256364
2021-10-10,28.0,1.2902956785714286,0.12352764718911326,1.095344,1.1488665,1.2636129999999999,1.5467598999999999,1.660555,1.5467598999999999,1.1488665,1.2636129999999999
2021-10-11,28.0,1.2819985714285713,0.09356961772626388,1.08199,1.15308655,1.276119,1.47421155,1.498841,1.47421155,1.15308655,1.276119
2021-10-12,28.0,1.2799132142857144,0.07364898701290096,1.131729,1.1667509,1.2800725000000002,1.4292719999999999,1.452226,1.4292719999999999,1.1667509,1.2800725000000002
2021-10-13,28.0,1.281232,0.063616695002468,1.184567,1.19486815,1.287736,1.39891415,1.423563,1.39891415,1.19486815,1.287736
2021-10-14,28.0,1.2818092142857147,0.06530283498885794,1.123299,1.2070980500000001,1.2860355,1.3751543499999999,1.400965,1.3751543499999999,1.2070980500000001,1.2860355
2021-10-15,28.0,1.280541607142857,0.07287154731105012,1.063888,1.1950018,1.2834665,1.3781242,1.400735,1.3781242,1.1950018,1.2834665
2021-10-16,28.0,1.2768798214285713,0.07483513299942082,1.073377,1.1779624,1.2681215,1.3721358,1.430208,1.3721358,1.1779624,1.2681215
2021-10-17,28.0,1.268471285714286,0.07558473718302165,1.093161,1.1637045000000001,1.2559334999999998,1.3760519,1.450035,1.3760519,1.1637045000000001,1.2559334999999998
2021-10-18,28.0,1.2556958214285714,0.07334148372538561,1.112049,1.15247115,1.2350925,1.3673583999999999,1.46153,1.3673583999999999,1.15247115,1.2350925
2021-10-19,28.0,1.239172107142857,0.06542218895549763,1.129793,1.15045055,1.224016,1.333383,1.447361,1.333383,1.15045055,1.224016
2021-10-20,28.0,1.2210826428571429,0.05137885313168235,1.10544,1.14930325,1.2187225000000002,1.31783425,1.334668,1.31783425,1.14930325,1.2187225000000002
2021-10-21,28.0,1.204533107142857,0.0468284191311369,1.066928,1.1265215,1.2108505,1.2470761000000001,1.30926,1.2470761000000001,1.1265215,1.2108505
2021-10-22,28.0,1.19010175,0.05075849888743319,1.031761,1.0857674,1.1961145000000002,1.2393718,1.247688,1.2393718,1.0857674,1.1961145000000002
2021-10-23,28.0,1.181393607142857,0.062434675284468194,1.008975,1.04908275,1.201553,1.24228055,1.25175,1.24228055,1.04908275,1.201553
2021-10-24,28.0,1.1782224285714287,0.07338348178773617,1.01357,1.0362156999999999,1.2051275000000001,1.2508237,1.254415,1.2508237,1.0362156999999999,1.2051275000000001
2021-10-25,28.0,1.1792167857142857,0.08151268680866305,0.98412,1.02400865,1.2172515,1.25831995,1.274102,1.25831995,1.02400865,1.2172515
2021-10-26,28.0,1.1838492142857144,0.08606352586676336,0.947469,1.00985355,1.218156,1.25452425,1.297742,1.25452425,1.00985355,1.218156
2021-10-27,28.0,1.1910611071428572,0.08505214787818001,0.971898,0.98531565,1.2126005,1.26157415,1.316438,1.26157415,0.98531565,1.2126005
2021-10-28,28.0,1.2004962857142856,0.07948420426346876,0.947117,1.03253905,1.2214645000000002,1.2694638,1.330493,1.2694638,1.03253905,1.2214645000000002
2021-10-29,28.0,1.2141752857142856,0.06543743020109173,1.024895,1.08899175,1.2294655,1.2791416,1.338626,1.2791416,1.08899175,1.2294655
2021-10-30,28.0,1.2278034642857143,0.05486831017282107,1.114309,1.1310638,1.2401635,1.3010769,1.333749,1.3010769,1.1310638,1.2401635
2021-10-31,28.0,1.2423075357142856,0.054751772514167275,1.091538,1.1486853,1.2491765,1.31890675,1.334139,1.31890675,1.1486853,1.2491765
2021-11-01,28.0,1.2583719642857143,0.06303202206902289,1.070682,1.13989505,1.264769,1.33366615,1.350916,1.33366615,1.13989505,1.264769
2021-11-02,28.0,1.2745625357142856,0.07284446261701463,1.063084,1.14218145,1.2796015,1.3572502,1.423959,1.3572502,1.14218145,1.2796015
2021-11-03,28.0,1.289727392857143,0.07712531432499214,1.0968,1.16205,1.2839445,1.3737199500000001,1.493478,1.3737199500000001,1.16205,1.2839445
2021-11-04,28.0,1.3019010714285717,0.07558354614299508,1.142619,1.20966225,1.2982040000000001,1.40241495,1.524671,1.40241495,1.20966225,1.2982040000000001
2021-11-05,28.0,1.3049375357142858,0.06580265298630227,1.195212,1.21979635,1.2832425,1.4225185999999999,1.443741,1.4225185999999999,1.21979635,1.2832425
2021-11-06,28.0,1.3017974999999997,0.06449468750875417,1.227836,1.2303429,1.2886465,1.4016737,1.449209,1.4016737,1.2303429,1.2886465
2021-11-07,28.0,1.2894010714285713,0.06801482472113383,1.182122,1.2207405,1.2753934999999998,1.4131853499999998,1.44203,1.4131853499999998,1.2207405,1.2753934999999998
2021-11-08,28.0,1.2668150714285713,0.0720730850276448,1.140925,1.18974365,1.2552775,1.4062272,1.430213,1.4062272,1.18974365,1.2552775
2021-11-09,28.0,1.2357209999999996,0.07482789025143956,1.104945,1.1366059,1.2249349999999999,1.3555046,1.440069,1.3555046,1.1366059,1.2249349999999999
2021-11-10,28.0,1.1979699642857145,0.07175867438104332,1.065695,1.0865707,1.1885094999999999,1.33672905,1.356932,1.33672905,1.0865707,1.1885094999999999
2021-11-11,28.0,1.1567776785714285,0.06615910521868705,1.014854,1.05112335,1.1461104999999998,1.27570075,1.286487,1.27570075,1.05112335,1.1461104999999998
2021-11-12,28.0,1.117456607142857,0.06526264798054501,0.96752,1.015941,1.118663,1.2069965999999999,1.279418,1.2069965999999999,1.015941,1.118663
2021-11-13,28.0,1.0801470357142857,0.06246934507923313,0.929027,0.9753481,1.0869355,1.16262255,1.214471,1.16262255,0.9753481,1.0869355
2021-11-14,28.0,1.0474194642857142,0.05806191556687544,0.928959,0.94241065,1.0566140000000002,1.13626465,1.152394,1.13626465,0.94241065,1.0566140000000002
2021-11-15,28.0,1.02071725,0.050982919637001606,0.92902,0.93820895,1.031898,1.0949788,1.108906,1.0949788,0.93820895,1.031898
2021-11-16,28.0,1.0005973214285713,0.04310506318464359,0.924801,0.9314602000000001,1.0110995,1.0545586,1.074005,1.0545586,0.9314602000000001,1.0110995
2021-11-17,28.0,0.987096,0.03515383582568565,0.925837,0.9323323499999999,0.9962695,1.0322696,1.042147,1.0322696,0.9323323499999999,0.9962695
2021-11-18,28.0,0.9795335000000002,0.028281505339342518,0.933723,0.9354579000000001,0.979114,1.01168005,1.023783,1.01168005,0.9354579000000001,0.979114
2021-11-19,28.0,0.9763143214285713,0.025197835763992777,0.938067,0.93979285,0.978672,1.010138,1.01541,1.010138,0.93979285,0.978672
2021-11-20,28.0,0.9768516785714285,0.025073359573464914,0.929689,0.9412785,0.980753,1.0120123,1.016464,1.0120123,0.9412785,0.980753
2021-11-21,28.0,0.979354892857143,0.02576497377123719,0.930093,0.9358276999999999,0.9811905,1.01387715,1.01661,1.01387715,0.9358276999999999,0.9811905
2021-11-22,28.0,0.9821807500000002,0.026178715091158978,0.934019,0.93843085,0.9811924999999999,1.0156374,1.030663,1.0156374,0.93843085,0.9811924999999999
2021-11-23,28.0,0.9836146785714286,0.0263852626332616,0.938194,0.9439021000000001,0.984202,1.0260574,1.043725,1.0260574,0.9439021000000001,0.984202
2021-11-24,28.0,0.9817861428571429,0.02415307320023423,0.942617,0.94418525,0.9801005,1.0166321,1.042831,1.0166321,0.94418525,0.9801005
2021-11-25,28.0,0.976229607142857,0.0208604073702975,0.941024,0.9464116499999999,0.973644,1.009011,1.011106,1.009011,0.9464116499999999,0.973644
2021-11-26,28.0,0.9674660357142857,0.020813635442469204,0.936427,0.9371543,0.963937,1.00179615,1.016382,1.00179615,0.9371543,0.963937
2021-11-27,28.0,0.9554027857142857,0.022761064520371826,0.899489,0.9228685999999999,0.9529025,0.9886654,0.995359,0.9886654,0.9228685999999999,0.9529025
2021-11-28,28.0,0.94011025,0.026794752546838274,0.86155,0.8974466,0.9403445,0.9780569,0.989063,0.9780569,0.8974466,0.9403445
2021-11-29,28.0,0.9222415714285714,0.03141225809849653,0.821554,0.8683949000000001,0.9305895,0.9647357,0.974789,0.9647357,0.8683949000000001,0.9305895
2021-11-30,28.0,0.9034345714285715,0.035746707220985496,0.783853,0.84093625,0.912177,0.9384002,0.957059,0.9384002,0.84093625,0.912177
2021-12-01,28.0,0.88559825,0.03793581032005102,0.776388,0.8034020000000001,0.8959035,0.92339255,0.939158,0.92339255,0.8034020000000001,0.8959035
2021-12-02,28.0,0.8695500357142858,0.03986758373107446,0.77116,0.7815765,0.878297,0.9160221000000001,0.920848,0.9160221000000001,0.7815765,0.878297
2021-12-03,28.0,0.8552303928571428,0.044175279542043935,0.751195,0.76338075,0.871543,0.9031185,0.913388,0.9031185,0.76338075,0.871543
2021-12-04,28.0,0.8428577857142858,0.05136444723906414,0.708258,0.7476683,0.8620555000000001,0.89408785,0.909175,0.89408785,0.7476683,0.8620555000000001
2021-12-05,28.0,0.8336771785714285,0.05891514712801012,0.696907,0.7180152,0.85634,0.8927228500000001,0.904725,0.8927228500000001,0.7180152,0.85634
2021-12-06,28.0,0.8278675714285715,0.06699032890921705,0.691752,0.69767185,0.854603,0.8913303,0.900686,0.8913303,0.69767185,0.854603
2021-12-07,28.0,0.8245753571428571,0.07489789914880633,0.682456,0.68645325,0.86051,0.8909624,0.900547,0.8909624,0.68645325,0.86051
2021-12-08,28.0,0.8236178214285715,0.0846834405549644,0.653063,0.66724345,0.861738,0.89783225,0.901175,0.89783225,0.66724345,0.861738
2021-12-09,28.0,0.8255521428571428,0.09538946113141533,0.61502,0.6461890499999999,0.8738235,0.9003057,0.91384,0.9003057,0.6461890499999999,0.8738235
2021-12-10,28.0,0.8305705714285715,0.10470308597610975,0.593107,0.6241544,0.882068,0.9043609,0.926778,0.9043609,0.6241544,0.882068
2021-12-11,28.0,0.8382277499999999,0.11104691744304229,0.580671,0.6228346,0.8927185,0.9175437,0.929014,0.9175437,0.6228346,0.8927185
2021-12-12,28.0,0.8474327142857143,0.11676994698404246,0.577745,0.6271394,0.9025275,0.93295965,0.933578,0.93295965,0.6271394,0.9025275
2021-12-13,28.0,0.8585381071428569,0.12075760764236187,0.581228,0.62714485,0.913062,0.95248785,0.966328,0.95248785,0.62714485,0.913062
2021-12-14,28.0,0.8725730357142858,0.12264444232685533,0.594566,0.63079535,0.9251395,0.96822915,0.998212,0.96822915,0.63079535,0.9251395
2021-12-15,28.0,0.8888999999999999,0.12068873962418399,0.622732,0.6399693000000001,0.936156,0.9863119,1.005521,0.9863119,0.6399693000000001,0.936156
2021-12-16,28.0,0.9051236071428571,0.11643583159019051,0.652613,0.66953975,0.951052,0.997425,1.008582,0.997425,0.66953975,0.951052
2021-12-17,28.0,0.9210303571428572,0.11168563413014633,0.678506,0.6985664500000001,0.967617,1.01347775,1.015774,1.01347775,0.6985664500000001,0.967617
2021-12-18,28.0,0.9394308571428571,0.10874773079002077,0.707025,0.7235733,0.9922905,1.0320148,1.042278,1.0320148,0.7235733,0.9922905
2021-12-19,28.0,0.9623356428571428,0.10699712132618311,0.72583,0.7618338,1.0113525,1.0570046,1.070152,1.0570046,0.7618338,1.0113525
2021-12-20,28.0,0.990779392857143,0.11145255953804152,0.752732,0.7808671,1.0307425,1.09352475,1.153263,1.09352475,0.7808671,1.0307425
2021-12-21,28.0,1.0275569285714288,0.12660322845977962,0.764165,0.79717615,1.0622859999999998,1.16134445,1.255399,1.16134445,0.79717615,1.0622859999999998
2021-12-22,28.0,1.0735856071428571,0.15124552972673744,0.749943,0.81922935,1.0950985,1.2896986,1.350064,1.2896986,0.81922935,1.0950985
2021-12-23,28.0,1.1302547142857144,0.175981772424149,0.769458,0.8332468,1.159967,1.4218827,1.432692,1.4218827,0.8332468,1.159967
2021-12-24,28.0,1.194160285714286,0.19564724671806602,0.802006,0.8621672,1.208491,1.49647905,1.561106,1.49647905,0.8621672,1.208491
2021-12-25,28.0,1.2577692500000002,0.20913647665962493,0.843476,0.89906275,1.27737,1.5569418499999998,1.656475,1.5569418499999998,0.89906275,1.27737
2021-12-26,28.0,1.3162330357142857,0.21315056298020058,0.89433,0.9387948500000001,1.3252895,1.60208755,1.716739,1.60208755,0.9387948500000001,1.3252895
2021-12-27,28.0,1.360885214285714,0.20172034747958797,0.954201,0.9779374,1.3722180000000002,1.62534245,1.712418,1.62534245,0.9779374,1.3722180000000002
2021-12-28,28.0,1.3835510357142855,0.17350520179126705,1.005824,1.04820485,1.4063355,1.61780875,1.63524,1.61780875,1.04820485,1.4063355
2021-12-29,28.0,1.3881373571428572,0.1476901753587467,1.054251,1.1261597,1.4005535,1.6048718,1.633893,1.6048718,1.1261597,1.4005535
2021-12-30,28.0,1.376385464285714,0.12720088715695815,1.111678,1.1648101499999999,1.3852735,1.54714895,1.61602,1.54714895,1.1648101499999999,1.3852735
2021-12-31,28.0,1.3528071785714284,0.11877274989786277,1.087971,1.1713928500000002,1.3528,1.51371885,1.573668,1.51371885,1.1713928500000002,1.3528
2022-01-01,28.0,1.3186843214285715,0.12975852359530607,1.036619,1.10707415,1.33733,1.5085134500000001,1.559801,1.5085134500000001,1.10707415,1.33733
2022-01-02,28.0,1.2775738214285715,0.14571758099222684,1.002024,1.0512674,1.27694,1.48963705,1.521464,1.48963705,1.0512674,1.27694
2022-01-03,28.0,1.2381775714285717,0.15653738920460733,1.004091,1.03925695,1.21718,1.51804805,1.525408,1.51804805,1.03925695,1.21718
2022-01-04,28.0,1.2090801071428572,0.1595370782225966,1.019378,1.0435517,1.1615894999999998,1.5340530999999997,1.566933,1.5340530999999997,1.0435517,1.1615894999999998
2022-01-05,28.0,1.1921647142857144,0.15746391942891344,1.031605,1.03999955,1.138697,1.5330636499999999,1.602821,1.5330636499999999,1.03999955,1.138697
2022-01-06,28.0,1.1866922500000001,0.1480876557962597,1.024999,1.0439877,1.134287,1.4875427499999998,1.602713,1.4875427499999998,1.0439877,1.134287
2022-01-07,28.0,1.1922909285714283,0.13247592232019864,1.01001,1.044095,1.158595,1.4446307,1.501996,1.4446307,1.044095,1.158595
2022-01-08,28.0,1.2123404285714285,0.12312926105172099,0.973124,1.04458935,1.198039,1.40699085,1.41757,1.40699085,1.04458935,1.198039
2022-01-09,28.0,1.2426819285714283,0.1154516437256641,1.009132,1.04745605,1.2477369999999999,1.38749355,1.434228,1.38749355,1.04745605,1.2477369999999999
2022-01-10,28.0,1.2754450357142857,0.1084193100302853,1.078814,1.08921715,1.274709,1.4205819,1.486758,1.4205819,1.08921715,1.274709
2022-01-11,28.0,1.3018711785714283,0.10140496300735229,1.138418,1.14934505,1.313155,1.4621313999999999,1.506381,1.4621313999999999,1.14934505,1.313155
2022-01-12,28.0,1.3170136071428573,0.09551465675364107,1.171739,1.18149525,1.3244455,1.47489875,1.496585,1.47489875,1.18149525,1.3244455
2022-01-13,28.0,1.320217357142857,0.09716624080684809,1.154152,1.17793045,1.327972,1.45042125,1.514083,1.45042125,1.17793045,1.327972
2022-01-14,28.0,1.3136125714285714,0.10081949696452516,1.138415,1.158945,1.318053,1.4661185,1.476269,1.4661185,1.158945,1.318053
2022-01-15,28.0,1.2979679642857145,0.10315298250530333,1.127165,1.1318982000000002,1.29764,1.46133135,1.48908,1.46133135,1.1318982000000002,1.29764
2022-01-16,28.0,1.2757474285714285,0.0975468230279519,1.091273,1.10739465,1.2809780000000002,1.41702,1.473241,1.41702,1.10739465,1.2809780000000002
2022-01-17,28.0,1.2506126071428572,0.08633954981880562,1.058882,1.08388805,1.2453984999999999,1.3754214999999999,1.409555,1.3754214999999999,1.08388805,1.2453984999999999
2022-01-18,28.0,1.2265686785714287,0.07552477004712185,1.025821,1.08074265,1.2276605,1.33386825,1.33649,1.33386825,1.08074265,1.2276605
2022-01-19,28.0,1.2076681785714285,0.06376232293101879,1.008878,1.11354605,1.2083415,1.28881205,1.345734,1.28881205,1.11354605,1.2083415
2022-01-20,28.0,1.1949352857142856,0.052888804178870395,1.081814,1.1319757000000001,1.1909765,1.25487575,1.351331,1.25487575,1.1319757000000001,1.1909765
2022-01-21,28.0,1.1842844285714285,0.055411395177465336,1.112651,1.12677315,1.173747,1.26350795,1.345131,1.26350795,1.12677315,1.173747
2022-01-22,28.0,1.1729881785714285,0.06546672316701203,1.087683,1.10401445,1.1505795,1.28500795,1.304217,1.28500795,1.10401445,1.1505795
2022-01-23,28.0,1.160041642857143,0.07982288070760361,1.056711,1.0890278,1.126471,1.3191860499999999,1.357208,1.3191860499999999,1.0890278,1.126471
2022-01-24,28.0,1.1461692142857143,0.09288390004825703,1.059545,1.0662179500000002,1.1077469999999998,1.3557098499999998,1.411678,1.3557098499999998,1.0662179500000002,1.1077469999999998
2022-01-25,28.0,1.1311861428571428,0.1018479106764789,1.055639,1.05653,1.0906875,1.3542679999999998,1.464849,1.3542679999999998,1.05653,1.0906875
2022-01-26,28.0,1.1115315000000001,0.09860606039578794,1.03087,1.03307885,1.0758705,1.2935565999999998,1.477673,1.2935565999999998,1.03307885,1.0758705
2022-01-27,28.0,1.0866805,0.08017626678970116,1.006343,1.0091268500000001,1.0721205,1.2338185000000002,1.35311,1.2338185000000002,1.0091268500000001,1.0721205
2022-01-28,28.0,1.0608397857142857,0.06509274454667775,0.982156,0.98391865,1.0508695000000001,1.1672547,1.242808,1.1672547,0.98391865,1.0508695000000001
2022-01-29,28.0,1.0353438214285713,0.057072908473579625,0.955855,0.96247985,1.0216509999999999,1.11079875,1.156825,1.11079875,0.96247985,1.0216509999999999
2022-01-30,28.0,1.0104815357142858,0.05371857244006656,0.940968,0.9414415500000001,0.9982465,1.09242895,1.097589,1.09242895,0.9414415500000001,0.9982465
2022-01-31,28.0,0.9846483214285715,0.05167001750643286,0.919737,0.9217229,0.97424,1.0642668499999999,1.095515,1.0642668499999999,0.9217229,0.97424
2022-02-01,28.0,0.9578239285714286,0.048808205156380235,0.892908,0.9007825,0.94888,1.044907,1.049528,1.044907,0.9007825,0.94888
2022-02-02,28.0,0.9320284285714285,0.047181139510542,0.864325,0.87870695,0.9169565,1.0159346,1.02777,1.0159346,0.87870695,0.9169565
2022-02-03,28.0,0.9081579285714287,0.04547342330370204,0.850316,0.8548250500000001,0.890231,0.9861419,1.002858,0.9861419,0.8548250500000001,0.890231
2022-02-04,28.0,0.8861817142857145,0.045977175322719485,0.821867,0.8282384,0.8705735,0.96138785,0.982859,0.96138785,0.8282384,0.8705735
2022-02-05,28.0,0.8670234285714288,0.05185173800896421,0.801217,0.80816135,0.8496275,0.96109185,0.964279,0.96109185,0.80816135,0.8496275
2022-02-06,28.0,0.8504405,0.06348915291752748,0.771749,0.7852169,0.831509,0.960861,0.983572,0.960861,0.7852169,0.831509
2022-02-07,28.0,0.8376490357142856,0.07755397227999407,0.759623,0.7638097,0.804545,0.9949928,1.003602,0.9949928,0.7638097,0.804545
2022-02-08,28.0,0.8282693214285715,0.09354705614429151,0.72093,0.7520778,0.7816715,1.0189381,1.04232,1.0189381,0.7520778,0.7816715
2022-02-09,28.0,0.8208318214285715,0.11049243592480239,0.67589,0.70800355,0.772357,1.0384550000000001,1.083309,1.0384550000000001,0.70800355,0.772357
2022-02-10,28.0,0.8139893928571429,0.12387735507477317,0.631462,0.6716495,0.7716099999999999,1.04963485,1.113098,1.04963485,0.6716495,0.7716099999999999
2022-02-11,28.0,0.8093892857142857,0.12581608371889416,0.634387,0.6649157499999999,0.766142,1.0529722,1.084883,1.0529722,0.6649157499999999,0.766142
2022-02-12,28.0,0.8071995714285716,0.12003293905561108,0.654791,0.68014995,0.7532125000000001,1.0311647499999999,1.049399,1.0311647499999999,0.68014995,0.7532125000000001
2022-02-13,28.0,0.8086419642857143,0.1109628543120298,0.688786,0.70572835,0.7529035,1.00777,1.015581,1.00777,0.70572835,0.7529035
2022-02-14,28.0,0.8129281785714284,0.09967467949583064,0.720357,0.72153035,0.7587445,0.99954985,1.006912,0.99954985,0.72153035,0.7587445
2022-02-15,28.0,0.8240894285714286,0.08726424714811927,0.709382,0.7210061,0.796718,0.9908689,1.006599,0.9908689,0.7210061,0.796718
2022-02-16,28.0,0.8481513928571428,0.0768677211714983,0.723104,0.7326209499999999,0.833581,0.98179015,1.01001,0.98179015,0.7326209499999999,0.833581
2022-02-17,28.0,0.8909475,0.0705504601625542,0.790217,0.80486325,0.8820304999999999,1.012886,1.03718,1.012886,0.80486325,0.8820304999999999
2022-02-18,28.0,0.9505856785714286,0.08350503108731148,0.80797,0.8158143,0.9496305,1.0988083499999999,1.160464,1.0988083499999999,0.8158143,0.9496305
2022-02-19,28.0,1.0310358214285713,0.11336051875814208,0.797493,0.8614926500000001,1.04156,1.2127822499999998,1.28394,1.2127822499999998,0.8614926500000001,1.04156
2022-02-20,28.0,1.1314480357142855,0.1483609335497031,0.802904,0.94591695,1.111559,1.34934665,1.398537,1.34934665,0.94591695,1.111559
2022-02-21,28.0,1.2460067142857143,0.16955500023227627,0.92884,1.03561565,1.2314370000000001,1.4877172,1.515503,1.4877172,1.03561565,1.2314370000000001
2022-02-22,28.0,1.3524193214285716,0.1781225198940644,1.101668,1.1071493,1.352609,1.6156331000000002,1.676936,1.6156331000000002,1.1071493,1.352609
2022-02-23,28.0,1.4278025357142858,0.1737451065660997,1.15668,1.1828106,1.432887,1.6828392,1.745245,1.6828392,1.1828106,1.432887
2022-02-24,28.0,1.4614994285714284,0.15503940920735307,1.212982,1.2364720500000002,1.5062635,1.6570908,1.700434,1.6570908,1.2364720500000002,1.5062635
2022-02-25,28.0,1.4624285,0.1621134267273883,1.222927,1.26087325,1.431432,1.7214447,1.726622,1.7214447,1.26087325,1.431432
2022-02-26,28.0,1.4278270714285717,0.1737568165520162,1.205847,1.22263005,1.3777565,1.7112195499999998,1.843657,1.7112195499999998,1.22263005,1.3777565
2022-02-27,28.0,1.363950214285714,0.17093819255733106,1.161314,1.17021725,1.317176,1.64283555,1.846028,1.64283555,1.17021725,1.317176
2022-02-28,28.0,1.2802510714285715,0.14062110749231455,1.098278,1.1021224,1.2749085,1.51283885,1.538583,1.51283885,1.1021224,1.2749085
2022-03-01,28.0,1.1997759642857144,0.13796853574033469,1.02958,1.03471125,1.1696710000000001,1.4609734999999997,1.550571,1.4609734999999997,1.03471125,1.1696710000000001
2022-03-02,28.0,1.1279552857142856,0.14748197763489793,0.965458,0.9749076999999999,1.094032,1.4497316499999997,1.534361,1.4497316499999997,0.9749076999999999,1.094032
2022-03-03,28.0,1.0623854642857142,0.1444668166008252,0.910757,0.91679525,1.0287445,1.3353182,1.518344,1.3353182,0.91679525,1.0287445
2022-03-04,28.0,1.003661714285714,0.13045416350690273,0.86214,0.89264885,0.9599759999999999,1.2414904999999998,1.380224,1.2414904999999998,0.89264885,0.9599759999999999
2022-03-05,28.0,0.955998142857143,0.12187675666919043,0.831795,0.83434475,0.9178735,1.17077525,1.263051,1.17077525,0.83434475,0.9178735
2022-03-06,28.0,0.9188807142857144,0.1158782290052658,0.75586,0.8084838,0.8840365,1.13863695,1.172955,1.13863695,0.8084838,0.8840365
2022-03-07,28.0,0.8916249642857144,0.10767440331249753,0.7503,0.78243975,0.849192,1.09739315,1.123768,1.09739315,0.78243975,0.849192
2022-03-08,28.0,0.8715940000000001,0.09747527633276115,0.76016,0.7783466,0.8315945,1.05229895,1.101285,1.05229895,0.7783466,0.8315945
2022-03-09,28.0,0.8572053214285715,0.08536472562722483,0.773733,0.78093145,0.8236635,1.01891275,1.069035,1.01891275,0.78093145,0.8236635
2022-03-10,28.0,0.8487299642857143,0.07408747917182575,0.784999,0.7909078500000001,0.8167610000000001,0.9934259,1.037556,0.9934259,0.7909078500000001,0.8167610000000001
2022-03-11,28.0,0.8451239285714287,0.06319420367754587,0.789238,0.7926985,0.8153859999999999,0.96857385,1.008033,0.96857385,0.7926985,0.8153859999999999
2022-03-12,28.0,0.8440491785714285,0.05217062276731891,0.791494,0.79809835,0.82219,0.9433663,0.979721,0.9433663,0.79809835,0.82219
2022-03-13,28.0,0.8439366071428571,0.04255811627283095,0.791884,0.79651095,0.832273,0.9182925,0.951979,0.9182925,0.79651095,0.832273
2022-03-14,28.0,0.842916,0.03440374822279947,0.783444,0.80055015,0.8331755,0.90170005,0.924223,0.90170005,0.80055015,0.8331755
2022-03-15,28.0,0.8414175,0.027308238115997165,0.78648,0.8059219000000001,0.8356060000000001,0.8914881499999999,0.903966,0.8914881499999999,0.8059219000000001,0.8356060000000001
2022-03-16,28.0,0.8387812142857144,0.02298148804510264,0.79314,0.81139735,0.8381515,0.87687195,0.900648,0.87687195,0.81139735,0.8381515
2022-03-17,28.0,0.8339132857142858,0.020926989010042866,0.79017,0.80531765,0.8284320000000001,0.8700962999999999,0.878581,0.8700962999999999,0.80531765,0.8284320000000001
2022-03-18,28.0,0.8263774285714286,0.01897198402211666,0.780629,0.798954,0.8249655,0.8555593499999999,0.859152,0.8555593499999999,0.798954,0.8249655
2022-03-19,28.0,0.8166437142857143,0.017678615514455216,0.772836,0.7897773,0.8147945,0.8418147,0.843157,0.8418147,0.7897773,0.8147945
2022-03-20,28.0,0.8048496785714284,0.018887568523891823,0.764383,0.7813342,0.803096,0.83304465,0.843684,0.83304465,0.7813342,0.803096
2022-03-21,28.0,0.7917037857142857,0.023447571892545396,0.755179,0.7610008,0.7881910000000001,0.83164665,0.858392,0.83164665,0.7610008,0.7881910000000001
2022-03-22,28.0,0.7761862857142858,0.027735694172828586,0.717759,0.7459216,0.7708215,0.82963175,0.843021,0.82963175,0.7459216,0.7708215
2022-03-23,28.0,0.7593384642857144,0.03132514192865739,0.678572,0.72463705,0.7581184999999999,0.8142237499999999,0.826701,0.8142237499999999,0.72463705,0.7581184999999999
2022-03-24,28.0,0.7423704285714285,0.03304705965003887,0.674437,0.6948222500000001,0.7439095,0.7939841999999999,0.806083,0.7939841999999999,0.6948222500000001,0.7439095
2022-03-25,28.0,0.7265065000000002,0.03490844515724378,0.666531,0.6703706,0.7319115,0.77514545,0.783101,0.77514545,0.6703706,0.7319115
2022-03-26,28.0,0.7128581071428571,0.03542078778777532,0.641441,0.6518365500000001,0.7221409999999999,0.7575748,0.763951,0.7575748,0.6518365500000001,0.7221409999999999
2022-03-27,28.0,0.7024357499999999,0.03475918128604191,0.632518,0.64251355,0.706831,0.7415177,0.751244,0.7415177,0.64251355,0.706831
2022-03-28,28.0,0.6951163214285714,0.03614433618461114,0.630915,0.6364961,0.6955025,0.73810885,0.755337,0.73810885,0.6364961,0.6955025
2022-03-29,28.0,0.6917755000000001,0.04086775346796687,0.633533,0.6346773,0.683014,0.7592555499999999,0.774413,0.7592555499999999,0.6346773,0.683014
2022-03-30,28.0,0.6917771428571429,0.048426003961534334,0.63343,0.6392952000000001,0.6721005,0.7848605499999999,0.810409,0.7848605499999999,0.6392952000000001,0.6721005
2022-03-31,28.0,0.6931496785714286,0.05339433259705987,0.631144,0.6342882,0.6714640000000001,0.798393,0.824383,0.798393,0.6342882,0.6714640000000001
2022-04-01,28.0,0.6928056071428571,0.052436689899866495,0.622801,0.628411,0.6747655,0.7849119,0.812002,0.7849119,0.628411,0.6747655
2022-04-02,28.0,0.6897318214285715,0.05021635742579385,0.615262,0.6209614999999999,0.687622,0.7851353,0.791236,0.7851353,0.6209614999999999,0.687622
2022-04-03,28.0,0.6824926071428571,0.04640425945754237,0.608776,0.6152119,0.6873415,0.7633074,0.780811,0.7633074,0.6152119,0.6873415
2022-04-04,28.0,0.672300392857143,0.04279462684803045,0.605278,0.6111701,0.68023,0.73848415,0.763748,0.73848415,0.6111701,0.68023
2022-04-05,28.0,0.6600669285714286,0.03998727898731701,0.598542,0.60225295,0.6680235,0.7099271,0.744391,0.7099271,0.60225295,0.6680235
2022-04-06,28.0,0.6470269642857144,0.04027985701957241,0.582094,0.58758705,0.658944,0.6870837,0.722237,0.6870837,0.58758705,0.658944
2022-04-07,28.0,0.6356468214285715,0.04500500466248876,0.545319,0.5589873,0.644585,0.68840455,0.696628,0.68840455,0.5589873,0.644585
2022-04-08,28.0,0.6303167500000001,0.04783450898410059,0.530753,0.5377765,0.635111,0.6886754,0.695581,0.6886754,0.5377765,0.635111
2022-04-09,28.0,0.6308377499999999,0.04862148870127052,0.519664,0.53250745,0.639675,0.69491695,0.705673,0.69491695,0.53250745,0.639675
2022-04-10,28.0,0.6392767142857144,0.05033466642594983,0.515926,0.5403658,0.637888,0.7065865,0.721506,0.7065865,0.5403658,0.637888
2022-04-11,28.0,0.6562884999999999,0.05400115328981067,0.523,0.56506935,0.665056,0.73576325,0.744517,0.73576325,0.56506935,0.665056
2022-04-12,28.0,0.6803319642857143,0.05596642721772756,0.54843,0.6090189,0.6779945,0.74677795,0.772122,0.74677795,0.6090189,0.6779945
2022-04-13,28.0,0.7096621785714285,0.06040522881957082,0.604421,0.61398475,0.722558,0.80552375,0.834997,0.80552375,0.61398475,0.722558
2022-04-14,28.0,0.738785857142857,0.06717169537542181,0.610749,0.6410439,0.738378,0.8401128,0.859123,0.8401128,0.6410439,0.738378
2022-04-15,28.0,0.7591988214285713,0.0673038340606479,0.623156,0.6614919,0.7552559999999999,0.85185635,0.878557,0.85185635,0.6614919,0.7552559999999999
2022-04-16,28.0,0.7744063571428571,0.06264387079368477,0.647296,0.6915111,0.764238,0.87184335,0.872573,0.87184335,0.6915111,0.764238
2022-04-17,28.0,0.7854413214285714,0.0549216718994077,0.687829,0.7102521,0.7777415,0.8681711999999999,0.87333,0.8681711999999999,0.7102521,0.7777415
2022-04-18,28.0,0.7932521071428571,0.048990921200761324,0.71734,0.72451455,0.7800320000000001,0.8658837,0.885431,0.8658837,0.72451455,0.7800320000000001
2022-04-19,28.0,0.7999091428571431,0.045120008750913806,0.712821,0.7414157,0.8024875,0.8716538,0.87864,0.8716538,0.7414157,0.8024875
2022-04-20,28.0,0.8086194285714287,0.047641538102505536,0.711226,0.72939335,0.8061575,0.8787599,0.892239,0.8787599,0.72939335,0.8061575
2022-04-21,28.0,0.8239780357142857,0.05799728281597091,0.692369,0.7439025,0.8180335,0.91440995,0.932526,0.91440995,0.7439025,0.8180335
2022-04-22,28.0,0.8464673214285714,0.07360806626342664,0.709207,0.7645731,0.8453585,0.9755684,0.985774,0.9755684,0.7645731,0.8453585
2022-04-23,28.0,0.8710407499999999,0.08611257978674068,0.738786,0.7460862,0.8757984999999999,1.00488675,1.03312,1.00488675,0.7460862,0.8757984999999999
2022-04-24,28.0,0.8952628214285714,0.09574807240572199,0.723785,0.7460238,0.9128404999999999,1.0312914,1.060424,1.0312914,0.7460238,0.9128404999999999
2022-04-25,28.0,0.9162038214285714,0.09890603073027844,0.721829,0.7304176499999999,0.9433735,1.0359136500000001,1.058639,1.0359136500000001,0.7304176499999999,0.9433735
2022-04-26,28.0,0.933458892857143,0.09892055693495377,0.707243,0.73131885,0.969713,1.03726015,1.049104,1.03726015,0.73131885,0.969713
2022-04-27,28.0,0.9459921428571428,0.0971992020389873,0.712911,0.747133,0.976716,1.048479,1.10271,1.048479,0.747133,0.976716
2022-04-28,28.0,0.9494568928571427,0.09072527601964045,0.729733,0.7689528,0.9691505,1.06644835,1.113911,1.06644835,0.7689528,0.9691505
2022-04-29,28.0,0.9454164642857144,0.07840221764554504,0.753706,0.7978118000000001,0.9499295,1.06853145,1.091349,1.06853145,0.7978118000000001,0.9499295
2022-04-30,28.0,0.937873392857143,0.062396934985467736,0.786243,0.83459295,0.9419895,1.0403125,1.060978,1.0403125,0.83459295,0.9419895
2022-05-01,28.0,0.9296474285714286,0.04742888000366565,0.828597,0.86312,0.9245165,1.01126095,1.031615,1.01126095,0.86312,0.9245165
2022-05-02,28.0,0.9222903214285713,0.03644390786873313,0.865253,0.88332975,0.9159390000000001,0.99196365,1.003901,0.99196365,0.88332975,0.9159390000000001
2022-05-03,28.0,0.9148864285714285,0.031161194296073946,0.867338,0.87266465,0.909181,0.97804925,0.984919,0.97804925,0.87266465,0.909181
2022-05-04,28.0,0.9076683571428571,0.028583541449471422,0.866532,0.868811,0.9027350000000001,0.9633617999999999,0.973819,0.9633617999999999,0.868811,0.9027350000000001
2022-05-05,28.0,0.9025775357142857,0.02823529890112224,0.853209,0.86703975,0.8998625,0.9555659,0.962658,0.9555659,0.86703975,0.8998625
2022-05-06,28.0,0.8997058214285715,0.03132445047734553,0.838697,0.8541814,0.899232,0.9492157999999999,0.952816,0.9492157999999999,0.8541814,0.899232
2022-05-07,28.0,0.8973108928571428,0.0381810062333105,0.82357,0.83563675,0.898989,0.94452955,0.95435,0.94452955,0.83563675,0.898989
2022-05-08,28.0,0.8944824642857144,0.04695254116933328,0.807637,0.8117189,0.9036200000000001,0.9548374,0.961202,0.9548374,0.8117189,0.9036200000000001
2022-05-09,28.0,0.8909521071428571,0.05514161288116483,0.774941,0.7853236,0.9065799999999999,0.9540621499999999,0.966197,0.9540621499999999,0.7853236,0.9065799999999999
2022-05-10,28.0,0.887347857142857,0.06295759590785972,0.733788,0.7577843,0.908255,0.9550146500000001,0.965897,0.9550146500000001,0.7577843,0.908255
2022-05-11,28.0,0.8838471785714285,0.0701317282907031,0.686722,0.731228,0.910277,0.9487692999999999,0.966196,0.9487692999999999,0.731228,0.910277
2022-05-12,28.0,0.8816211071428572,0.0736025673386462,0.63172,0.7456181000000001,0.9075930000000001,0.9384381,0.95449,0.9384381,0.7456181000000001,0.9075930000000001
2022-05-13,28.0,0.882109,0.07495398826588859,0.583908,0.7520199,0.906465,0.93581595,0.938777,0.93581595,0.7520199,0.906465
2022-05-14,28.0,0.8896123571428571,0.0642496434601517,0.652026,0.7678865500000001,0.9091495,0.9354402,0.965612,0.9354402,0.7678865500000001,0.9091495
2022-05-15,28.0,0.9069083571428572,0.0514009638504631,0.801411,0.8158347,0.9063509999999999,0.9948547999999999,1.028531,0.9948547999999999,0.8158347,0.9063509999999999
2022-05-16,28.0,0.9360708571428571,0.07191585789410776,0.821419,0.86229685,0.92144,1.05438315,1.155031,1.05438315,0.86229685,0.92144
2022-05-17,28.0,0.9771403571428571,0.12602590221450047,0.858678,0.87114885,0.9327570000000001,1.24606315,1.360506,1.24606315,0.87114885,0.9327570000000001
2022-05-18,28.0,1.0259497857142859,0.1899138455012259,0.85863,0.88666555,0.9498435000000001,1.3550707499999999,1.710107,1.3550707499999999,0.88666555,0.9498435000000001
2022-05-19,28.0,1.073411714285714,0.23718603931589186,0.88779,0.8910038,1.0101849999999999,1.4551884999999998,2.001996,1.4551884999999998,0.8910038,1.0101849999999999
2022-05-20,28.0,1.113862392857143,0.24869250509463958,0.890031,0.90046455,1.062345,1.5332171999999995,2.08526,1.5332171999999995,0.90046455,1.062345
2022-05-21,28.0,1.139277642857143,0.19345005631470885,0.910186,0.91570935,1.119057,1.5379310499999994,1.738775,1.5379310499999994,0.91570935,1.119057
2022-05-22,28.0,1.164083357142857,0.14472475317502334,0.926822,0.9656020000000001,1.147348,1.3694195,1.599977,1.3694195,0.9656020000000001,1.147348
2022-05-23,28.0,1.1841262142857143,0.11266160264666637,0.980869,1.02343215,1.174916,1.3499393499999999,1.477488,1.3499393499999999,1.02343215,1.174916
2022-05-24,28.0,1.1963262142857143,0.09654292868071011,1.033723,1.04700865,1.189381,1.3380746,1.388322,1.3380746,1.04700865,1.189381
2022-05-25,28.0,1.203019392857143,0.10091698896667103,0.951099,1.0061167,1.2344365000000002,1.31995555,1.348544,1.31995555,1.0061167,1.2344365000000002
2022-05-26,28.0,1.2062517857142858,0.11348265696127059,0.848897,0.9993609,1.2372055,1.3219923,1.348561,1.3219923,0.9993609,1.2372055
2022-05-27,28.0,1.209434642857143,0.12481889793949746,0.77825,1.00485985,1.2315450000000001,1.3520018,1.361116,1.3520018,1.00485985,1.2315450000000001
2022-05-28,28.0,1.2171391071428572,0.12347187715737488,0.896178,0.9652073,1.2282205,1.373266,1.406065,1.373266,0.9652073,1.2282205
2022-05-29,28.0,1.2309633214285713,0.1280802166841383,0.937057,0.9597162,1.260499,1.38212135,1.43952,1.38212135,0.9597162,1.260499
2022-05-30,28.0,1.2568811785714282,0.13287366511870605,0.933488,1.03827215,1.268173,1.4468044,1.478816,1.4468044,1.03827215,1.268173
2022-05-31,28.0,1.2929102857142856,0.14147297843125958,1.02947,1.1196989,1.2652005000000002,1.5455269999999999,1.576487,1.5455269999999999,1.1196989,1.2652005000000002
2022-06-01,28.0,1.3337267857142856,0.1522844065175316,1.117543,1.17221595,1.280981,1.61095305,1.778335,1.61095305,1.17221595,1.280981
2022-06-02,28.0,1.3739812142857144,0.1560760621492817,1.194469,1.214819,1.3405315,1.635117,1.914065,1.635117,1.214819,1.3405315
2022-06-03,28.0,1.406454642857143,0.14428840195715384,1.254666,1.256161,1.366946,1.61707725,1.941768,1.61707725,1.256161,1.366946
2022-06-04,28.0,1.4275070357142858,0.11090748370484031,1.29646,1.3077221,1.3925735000000001,1.6235765,1.739209,1.6235765,1.3077221,1.3925735000000001
2022-06-05,28.0,1.438523357142857,0.09096786583233636,1.342075,1.34431955,1.4101355,1.60409435,1.650339,1.60409435,1.34431955,1.4101355
2022-06-06,28.0,1.4351139642857142,0.07812963860219622,1.284516,1.35694895,1.4174159999999998,1.56663705,1.642209,1.56663705,1.35694895,1.4174159999999998
2022-06-07,28.0,1.42061625,0.08145952911887303,1.234885,1.29530195,1.426714,1.5212145,1.5964,1.5212145,1.29530195,1.426714
2022-06-08,28.0,1.3969869642857144,0.09117324481710716,1.193617,1.2254087,1.420016,1.52505015,1.547518,1.52505015,1.2254087,1.420016
2022-06-09,28.0,1.3675336785714285,0.09852311833460377,1.14601,1.18297625,1.382876,1.4933954999999999,1.543485,1.4933954999999999,1.18297625,1.382876
2022-06-10,28.0,1.3376767857142855,0.09755201826997213,1.097978,1.1708861,1.337544,1.4726011,1.532135,1.4726011,1.1708861,1.337544
2022-06-11,28.0,1.308114892857143,0.0920330261451428,1.068354,1.12963605,1.3177345,1.43961845,1.463002,1.43961845,1.12963605,1.3177345
2022-06-12,28.0,1.281948392857143,0.08181621277316405,1.068578,1.13443465,1.2874694999999998,1.4065907999999998,1.420797,1.4065907999999998,1.13443465,1.2874694999999998
2022-06-13,28.0,1.2592695,0.06781128939032037,1.119241,1.1551381,1.259836,1.3767233499999998,1.436001,1.3767233499999998,1.1551381,1.259836
2022-06-14,28.0,1.2401136428571429,0.060517510025773345,1.156622,1.1750147999999998,1.2358135,1.3180295999999998,1.474312,1.3180295999999998,1.1750147999999998,1.2358135
2022-06-15,28.0,1.2251445357142858,0.0644846121561152,1.142424,1.1721025,1.214651,1.2956839,1.499626,1.2956839,1.1721025,1.214651
2022-06-16,28.0,1.2125561428571427,0.07244667138570082,1.119333,1.15757515,1.1934915,1.3254625,1.495178,1.3254625,1.15757515,1.1934915
2022-06-17,28.0,1.1987116785714282,0.07165217954145572,1.123693,1.13131875,1.172548,1.36156685,1.39014,1.36156685,1.13131875,1.172548
2022-06-18,28.0,1.1851369285714284,0.07468291334352314,1.115365,1.12188065,1.1556595,1.3473405499999997,1.385791,1.3473405499999997,1.12188065,1.1556595
2022-06-19,28.0,1.1697967142857144,0.07317027831119384,1.094781,1.1011358,1.1394595,1.3094565999999999,1.385749,1.3094565999999999,1.1011358,1.1394595
2022-06-20,28.0,1.1538597142857143,0.06593013096304476,1.078147,1.0919853000000002,1.1298485,1.3004620500000001,1.311448,1.3004620500000001,1.0919853000000002,1.1298485
2022-06-21,28.0,1.1385163571428571,0.05785403906013329,1.075724,1.0834689,1.12005,1.26749185,1.289818,1.26749185,1.0834689,1.12005
2022-06-22,28.0,1.124015107142857,0.05074324964800684,1.074485,1.077068,1.108732,1.2382796,1.278949,1.2382796,1.077068,1.108732
2022-06-23,28.0,1.11095,0.04467829286917423,1.045138,1.07549205,1.0995735,1.2017121,1.261569,1.2017121,1.07549205,1.0995735
2022-06-24,28.0,1.1008361071428572,0.03837947515934284,1.057005,1.07271045,1.0922459999999998,1.17610585,1.243136,1.17610585,1.07271045,1.0922459999999998
2022-06-25,28.0,1.0936909285714285,0.03610990726977496,1.031629,1.0605981,1.085936,1.153463,1.226968,1.153463,1.0605981,1.085936
2022-06-26,28.0,1.0902893214285714,0.035875479490463026,1.031632,1.0587969000000002,1.0812724999999999,1.1553178499999999,1.21267,1.1553178499999999,1.0587969000000002,1.0812724999999999
2022-06-27,28.0,1.0896175714285714,0.03774549309709512,1.037419,1.05916765,1.078608,1.1794121,1.199935,1.1794121,1.05916765,1.078608
2022-06-28,28.0,1.0908635357142857,0.04245375205726131,1.051915,1.054457,1.0731264999999999,1.1813671000000001,1.22746,1.1813671000000001,1.054457,1.0731264999999999
2022-06-29,28.0,1.0923516071428572,0.05108068099863581,1.045111,1.04678855,1.0703230000000001,1.18031385,1.256331,1.18031385,1.04678855,1.0703230000000001
2022-06-30,28.0,1.0922815714285714,0.059692296936768134,1.035037,1.03779435,1.0632,1.20225455,1.26853,1.20225455,1.03779435,1.0632
2022-07-01,28.0,1.0879385357142857,0.06342833108056166,1.018183,1.029851,1.0557035,1.2094068999999998,1.234779,1.2094068999999998,1.029851,1.0557035
2022-07-02,28.0,1.0776272857142857,0.06705729476812383,1.001439,1.01924385,1.049991,1.225122,1.245497,1.225122,1.01924385,1.049991
2022-07-03,28.0,1.0592160357142855,0.0671839684054342,0.985055,0.9996700500000001,1.038529,1.21449295,1.245499,1.21449295,0.9996700500000001,1.038529
2022-07-04,28.0,1.034576,0.06550468303247628,0.967386,0.9682351,1.0183564999999999,1.1639435,1.244591,1.1639435,0.9682351,1.0183564999999999
2022-07-05,28.0,1.0048647142857143,0.061203063228141924,0.927792,0.93414055,0.9949105,1.12638795,1.175856,1.12638795,0.93414055,0.9949105
2022-07-06,28.0,0.9718795,0.05892081827176889,0.888088,0.8914538000000001,0.9637375,1.07942005,1.107286,1.07942005,0.8914538000000001,0.9637375
2022-07-07,28.0,0.9367626071428571,0.05880451303437788,0.845772,0.8474787500000001,0.932695,1.0378174,1.054061,1.0378174,0.8474787500000001,0.932695
2022-07-08,28.0,0.90259075,0.061046973526236024,0.792966,0.80198315,0.91126,0.9962185,1.015718,0.9962185,0.80198315,0.91126
2022-07-09,28.0,0.8727790357142856,0.0622875052296961,0.74574,0.7653764,0.8861265,0.9648504,0.979519,0.9648504,0.7653764,0.8861265
2022-07-10,28.0,0.8509546785714285,0.05683766495194145,0.755968,0.7601321,0.8545785,0.93777515,0.954953,0.93777515,0.7601321,0.8545785
2022-07-11,28.0,0.8371352142857142,0.049655388108186246,0.764132,0.7729031,0.8379785,0.9151425,0.933822,0.9151425,0.7729031,0.8379785
2022-07-12,28.0,0.831164892857143,0.04556346702197024,0.765886,0.7704952,0.8241475,0.9036822,0.912214,0.9036822,0.7704952,0.8241475
2022-07-13,28.0,0.8327783928571427,0.04754130060183482,0.758504,0.76391905,0.8497619999999999,0.8924968999999999,0.902585,0.8924968999999999,0.76391905,0.8497619999999999
2022-07-14,28.0,0.8419428571428573,0.05273541714011371,0.758504,0.7612828,0.848743,0.9097535999999999,0.912136,0.9097535999999999,0.7612828,0.848743
2022-07-15,28.0,0.8563866071428572,0.06028644970861677,0.760412,0.76901165,0.8688905,0.9390866,0.971578,0.9390866,0.76901165,0.8688905
2022-07-16,28.0,0.8708770000000001,0.06673055398863126,0.77165,0.7775218,0.8695765,0.97441965,1.025086,0.97441965,0.7775218,0.8695765
2022-07-17,28.0,0.8783804999999999,0.06119825494819034,0.783793,0.7896858999999999,0.878822,0.9744056999999999,1.002254,0.9744056999999999,0.7896858999999999,0.878822
2022-07-18,28.0,0.8796930357142856,0.0499853473200135,0.796108,0.8076299,0.8855535,0.9539676,0.967785,0.9539676,0.8076299,0.8855535
2022-07-19,28.0,0.8761696428571428,0.03830761589323042,0.811786,0.8248853,0.8737665,0.93548475,0.938211,0.93548475,0.8248853,0.8737665
2022-07-20,28.0,0.8690043214285714,0.031440836713790346,0.818346,0.82484445,0.8662399999999999,0.9184311,0.95561,0.9184311,0.82484445,0.8662399999999999
2022-07-21,28.0,0.8577499285714285,0.03154799460425757,0.806574,0.8164666,0.8551035,0.8977520999999999,0.970214,0.8977520999999999,0.8164666,0.8551035
2022-07-22,28.0,0.8430356785714287,0.03206163275001073,0.792928,0.7972163999999999,0.8421095000000001,0.8828089,0.949884,0.8828089,0.7972163999999999,0.8421095000000001
2022-07-23,28.0,0.8288695714285714,0.03388719689994215,0.770673,0.7796256500000001,0.830424,0.8699335,0.923568,0.8699335,0.7796256500000001,0.830424
2022-07-24,28.0,0.8194602142857141,0.034710914838352265,0.752111,0.7710511,0.825635,0.8575493,0.896636,0.8575493,0.7710511,0.825635
2022-07-25,28.0,0.8151113571428573,0.0363465827261343,0.717041,0.7574165,0.8185775,0.8562101999999999,0.868549,0.8562101999999999,0.7574165,0.8185775
2022-07-26,28.0,0.8156695714285714,0.03814738103862203,0.715936,0.7515817,0.8171045,0.8647329,0.886226,0.8647329,0.7515817,0.8171045
2022-07-27,28.0,0.8203227857142857,0.04161215790852755,0.741108,0.7597392000000001,0.8079895,0.8984447499999999,0.922577,0.8984447499999999,0.7597392000000001,0.8079895
2022-07-28,28.0,0.8299266428571428,0.050481206327088655,0.776472,0.7782977999999999,0.8186325,0.9475077,0.97296,0.9475077,0.7782977999999999,0.8186325
2022-07-29,28.0,0.8453654642857141,0.06417977621089184,0.765433,0.78644415,0.8326765,0.9906771,1.036481,0.9906771,0.78644415,0.8326765
2022-07-30,28.0,0.8627864285714285,0.07739827228879857,0.773075,0.79365225,0.840884,1.0316395,1.08714,1.0316395,0.79365225,0.840884
2022-07-31,28.0,0.8779902857142856,0.08808146107790811,0.788682,0.80311645,0.845785,1.0751194499999999,1.113446,1.0751194499999999,0.80311645,0.845785
2022-08-01,28.0,0.8893318928571429,0.09756611598764205,0.808718,0.8123336,0.852081,1.1002739499999998,1.191797,1.1002739499999998,0.8123336,0.852081
2022-08-02,28.0,0.8944007857142856,0.09722132145031241,0.815362,0.8269213,0.8639215,1.11034675,1.209217,1.11034675,0.8269213,0.8639215
2022-08-03,28.0,0.8933948928571429,0.0849643487728559,0.819464,0.8278249,0.865773,1.0884265999999998,1.155455,1.0884265999999998,0.8278249,0.865773
2022-08-04,28.0,0.8867319285714287,0.0676954771217062,0.819559,0.82625645,0.8675695,1.04983535,1.079127,1.04983535,0.82625645,0.8675695
2022-08-05,28.0,0.8742136071428571,0.053188450559440256,0.77652,0.79526365,0.8698604999999999,0.9723812499999999,1.01406,0.9723812499999999,0.79526365,0.8698604999999999
2022-08-06,28.0,0.8597894285714285,0.051292201177775304,0.724967,0.76041695,0.851793,0.923277,0.949633,0.923277,0.76041695,0.851793
2022-08-07,28.0,0.8454112142857142,0.05799711661629596,0.69203,0.73179155,0.8501905000000001,0.9112335,0.938237,0.9112335,0.73179155,0.8501905000000001
2022-08-08,28.0,0.8323320714285715,0.06755666312556725,0.673904,0.6870125,0.853775,0.8979053499999999,0.929212,0.8979053499999999,0.6870125,0.853775
2022-08-09,28.0,0.8226374642857143,0.07802496170646274,0.590227,0.6825340999999999,0.8580765,0.8889115,0.914034,0.8889115,0.6825340999999999,0.8580765
2022-08-10,28.0,0.8172697857142859,0.08421049711524581,0.585707,0.6359671,0.856867,0.8876831,0.898169,0.8876831,0.6359671,0.856867
2022-08-11,28.0,0.8177528214285715,0.08468048893255058,0.604432,0.61246045,0.8471,0.8904089000000001,0.893277,0.8904089000000001,0.61246045,0.8471
2022-08-12,28.0,0.8255292499999999,0.07833773018895433,0.624004,0.6333224000000001,0.8411150000000001,0.895554,0.904928,0.895554,0.6333224000000001,0.8411150000000001
2022-08-13,28.0,0.8393130714285714,0.06819747222258508,0.646161,0.6820536500000001,0.8462605000000001,0.910384,0.917771,0.910384,0.6820536500000001,0.8462605000000001
2022-08-14,28.0,0.8584041428571428,0.055850384860714676,0.683656,0.75877105,0.86504,0.9251805000000001,0.948221,0.9251805000000001,0.75877105,0.86504
2022-08-15,28.0,0.8810965,0.046658952816034015,0.741722,0.8199669,0.8830629999999999,0.94636755,0.980631,0.94636755,0.8199669,0.8830629999999999
2022-08-16,28.0,0.90438725,0.05426785217284449,0.818617,0.8300719,0.9042665,0.9628143,1.110407,0.9628143,0.8300719,0.9042665
2022-08-17,28.0,0.9242022500000001,0.06142020544523752,0.820544,0.8345825,0.9237744999999999,1.0427527999999997,1.114735,1.0427527999999997,0.8345825,0.9237744999999999
2022-08-18,28.0,0.9393983571428571,0.06580566852044951,0.803756,0.8340687,0.9396205,1.08271575,1.099496,1.08271575,0.8340687,0.9396205
2022-08-19,28.0,0.9519137857142856,0.06800106961705449,0.791227,0.8429135,0.9556439999999999,1.0790734,1.101932,1.0790734,0.8429135,0.9556439999999999
2022-08-20,28.0,0.9648602499999999,0.06771039260765911,0.82762,0.83238565,0.971867,1.06212525,1.123806,1.06212525,0.83238565,0.971867
2022-08-21,28.0,0.9791255,0.06619485306023927,0.828327,0.8576691,0.9847035,1.0666626000000001,1.144244,1.0666626000000001,0.8576691,0.9847035
2022-08-22,28.0,0.9953526785714283,0.06284798019504334,0.835749,0.8820959,0.993009,1.08997005,1.162985,1.08997005,0.8820959,0.993009
2022-08-23,28.0,1.0144666428571427,0.0583532488868058,0.874855,0.9340337,1.0089804999999998,1.1194610999999999,1.179847,1.1194610999999999,0.9340337,1.0089804999999998
2022-08-24,28.0,1.0351105,0.060276728368847704,0.932047,0.97397755,1.021737,1.1511799999999999,1.194724,1.1511799999999999,0.97397755,1.021737
2022-08-25,28.0,1.0556879642857147,0.06870960283497073,0.984541,0.99454175,1.024695,1.18665865,1.199231,1.18665865,0.99454175,1.024695
2022-08-26,28.0,1.0703813928571428,0.07518634526706112,0.984249,0.9979585999999999,1.0378525,1.19244135,1.249076,1.19244135,0.9979585999999999,1.0378525
2022-08-27,28.0,1.0774329642857141,0.07726924932865267,0.988185,0.9986186,1.0479105,1.205123,1.24077,1.205123,0.9986186,1.0479105
2022-08-28,28.0,1.0771089285714284,0.0777587412677846,0.992888,0.9955882,1.0508715,1.2105734000000001,1.217053,1.2105734000000001,0.9955882,1.0508715
2022-08-29,28.0,1.07129775,0.07643207478957308,0.989564,0.99920395,1.0288805,1.20137325,1.268018,1.20137325,0.99920395,1.0288805
2022-08-30,28.0,1.0609314285714284,0.06758936048172111,0.999119,1.0001885,1.0232679999999998,1.17269505,1.230364,1.17269505,1.0001885,1.0232679999999998
2022-08-31,28.0,1.0495504285714286,0.06010325183747675,0.969906,0.99912095,1.0266929999999999,1.16109725,1.186192,1.16109725,0.99912095,1.0266929999999999
2022-09-01,28.0,1.0381668214285715,0.05418621231563502,0.945599,0.97582015,1.0203929999999999,1.14337785,1.148537,1.14337785,0.97582015,1.0203929999999999
2022-09-02,28.0,1.0310666785714286,0.04948015964677797,0.947602,0.96152695,1.022637,1.11979845,1.125522,1.11979845,0.96152695,1.022637
2022-09-03,28.0,1.0303740000000001,0.044562666149708434,0.94005,0.966087,1.0282615,1.10113235,1.107102,1.10113235,0.966087,1.0282615
2022-09-04,28.0,1.036818107142857,0.0408447878567409,0.939801,0.9638879499999999,1.0406645,1.09147875,1.094122,1.09147875,0.9638879499999999,1.0406645
2022-09-05,28.0,1.0489299285714284,0.04311073250572176,0.939785,0.9880097,1.0524535,1.09676635,1.176792,1.09676635,0.9880097,1.0524535
2022-09-06,28.0,1.0661190357142858,0.053130141024610236,0.990608,1.01098315,1.0556735000000002,1.1635246499999998,1.258602,1.1635246499999998,1.01098315,1.0556735000000002
2022-09-07,28.0,1.0864306428571429,0.07240192816094942,1.001341,1.02852065,1.0677385,1.2566249999999999,1.332518,1.2566249999999999,1.02852065,1.0677385
2022-09-08,28.0,1.1082895714285714,0.09380199968784861,1.012209,1.04001695,1.0777345,1.3420684499999997,1.394818,1.3420684499999997,1.04001695,1.0777345
2022-09-09,28.0,1.12780025,0.11386702528099428,1.023125,1.0513327,1.0837755,1.41471135,1.439107,1.41471135,1.0513327,1.0837755
2022-09-10,28.0,1.143513142857143,0.12822494545472704,1.033999,1.0612046000000002,1.0852110000000001,1.44315875,1.481575,1.44315875,1.0612046000000002,1.0852110000000001
2022-09-11,28.0,1.1555970357142855,0.13451382389305572,1.047011,1.06345385,1.090829,1.4585381,1.481647,1.4585381,1.06345385,1.090829
2022-09-12,28.0,1.1669445714285713,0.1324567507308702,1.065093,1.07606945,1.105118,1.4591649,1.481652,1.4591649,1.07606945,1.105118
2022-09-13,28.0,1.1785703571428574,0.12427558337084572,1.083078,1.08728685,1.1231974999999998,1.4396212,1.466836,1.4396212,1.08728685,1.1231974999999998
2022-09-14,28.0,1.1925936071428571,0.11659354266832729,1.082912,1.0922607,1.1478185,1.42313615,1.444967,1.42313615,1.0922607,1.1478185
2022-09-15,28.0,1.2096533571428572,0.10945490536601152,1.090359,1.0984798,1.1766885,1.4083586,1.424723,1.4083586,1.0984798,1.1766885
2022-09-16,28.0,1.2342774285714284,0.10264097898858647,1.10616,1.1144321,1.207566,1.4060677,1.428531,1.4060677,1.1144321,1.207566
2022-09-17,28.0,1.2626515,0.09997943892491466,1.129632,1.1536131,1.2250105,1.43775955,1.523169,1.43775955,1.1536131,1.2250105
2022-09-18,28.0,1.2921215,0.10004044188911987,1.186025,1.2087181500000002,1.2575,1.44745445,1.659413,1.44745445,1.2087181500000002,1.2575
2022-09-19,28.0,1.3175366785714286,0.10189729712297049,1.231064,1.2387483,1.2922695,1.4511034,1.752667,1.4511034,1.2387483,1.2922695
2022-09-20,28.0,1.3372667857142857,0.10301303973135206,1.241165,1.2537687499999999,1.315355,1.44651515,1.803934,1.44651515,1.2537687499999999,1.315355
2022-09-21,28.0,1.3498676785714283,0.10166703048716452,1.250484,1.26969285,1.330125,1.42700465,1.82107,1.42700465,1.26969285,1.330125
2022-09-22,28.0,1.3547360714285708,0.09380075182551442,1.265244,1.2815339,1.3474235,1.4107762,1.782664,1.4107762,1.2815339,1.3474235
2022-09-23,28.0,1.3467892857142854,0.06442038006594863,1.278127,1.2852283500000001,1.336957,1.42949995,1.589943,1.42949995,1.2852283500000001,1.336957
2022-09-24,28.0,1.3302153928571427,0.04564243609668471,1.256807,1.2795414999999999,1.3226395,1.4282791,1.44026,1.4282791,1.2795414999999999,1.3226395
2022-09-25,28.0,1.3057475000000003,0.032738792127428334,1.213095,1.2630808,1.3013675,1.36151725,1.373706,1.36151725,1.2630808,1.3013675
2022-09-26,28.0,1.2757163928571431,0.03413550591646885,1.176206,1.21105965,1.2821265,1.3195904999999999,1.326555,1.3195904999999999,1.21105965,1.2821265
2022-09-27,28.0,1.2409042857142858,0.04219368756356381,1.144355,1.1638439,1.2445195,1.2940916,1.302353,1.2940916,1.1638439,1.2445195
2022-09-28,28.0,1.2031668571428573,0.04958637810910204,1.116287,1.1200089500000001,1.2130905,1.2826228499999999,1.292933,1.2826228499999999,1.1200089500000001,1.2130905
2022-09-29,28.0,1.1634324642857143,0.049870754471104575,1.075265,1.08465135,1.1689565,1.22578875,1.270768,1.22578875,1.08465135,1.1689565
2022-09-30,28.0,1.125189357142857,0.04652156986556464,1.031849,1.05427285,1.1343044999999998,1.1809237,1.210488,1.1809237,1.05427285,1.1343044999999998
2022-10-01,28.0,1.0887851785714286,0.04492288987773304,0.991534,1.020205,1.101967,1.14901905,1.153282,1.14901905,1.020205,1.101967
2022-10-02,28.0,1.0548069642857143,0.044758966993575816,0.957177,0.9867367,1.069379,1.10440705,1.126224,1.10440705,0.9867367,1.069379
2022-10-03,28.0,1.0243736785714286,0.04333876321369654,0.948476,0.9520947,1.0402955,1.07504695,1.10253,1.07504695,0.9520947,1.0402955
2022-10-04,28.0,0.9975930714285716,0.04075605180867925,0.935793,0.94227805,1.0078705000000001,1.0505311,1.080988,1.0505311,0.94227805,1.0078705000000001
2022-10-05,28.0,0.9729792142857142,0.037875776189437764,0.912202,0.9201438,0.9772805,1.03032605,1.057678,1.03032605,0.9201438,0.9772805
2022-10-06,28.0,0.94953875,0.03480610812148944,0.881345,0.8967040500000001,0.951468,1.0083062999999999,1.025907,1.0083062999999999,0.8967040500000001,0.951468
2022-10-07,28.0,0.9262582857142858,0.0318824795922836,0.851659,0.8701331999999999,0.930194,0.9736679,0.98535,0.9736679,0.8701331999999999,0.930194
2022-10-08,28.0,0.9046146428571429,0.03068503670112203,0.835865,0.84395305,0.9118474999999999,0.94185065,0.952306,0.94185065,0.84395305,0.9118474999999999
2022-10-09,28.0,0.8841943928571429,0.0317302376155024,0.82179,0.8267944,0.891566,0.9232951,0.933325,0.9232951,0.8267944,0.891566
2022-10-10,28.0,0.8643111785714287,0.03422079991494622,0.806192,0.81118545,0.8661575,0.91538345,0.91791,0.91538345,0.81118545,0.8661575
2022-10-11,28.0,0.8456757142857142,0.036215299754188336,0.788641,0.7934759,0.8440125,0.89997625,0.909096,0.89997625,0.7934759,0.8440125
2022-10-12,28.0,0.8297718214285714,0.03830056277224441,0.758905,0.7666485,0.824918,0.88427335,0.901733,0.88427335,0.7666485,0.824918
2022-10-13,28.0,0.8173977857142857,0.0409285258942746,0.711225,0.75003705,0.8232189999999999,0.87072445,0.893918,0.87072445,0.75003705,0.8232189999999999
2022-10-14,28.0,0.8091445,0.04188773767133075,0.706196,0.73062335,0.8229504999999999,0.8577605500000001,0.884673,0.8577605500000001,0.73062335,0.8229504999999999
2022-10-15,28.0,0.8032242142857143,0.04299564833652711,0.711312,0.7212365,0.8231305,0.8499041,0.869208,0.8499041,0.7212365,0.8231305
2022-10-16,28.0,0.8000788214285715,0.04497023636852496,0.720187,0.7214175500000001,0.8138845,0.8490589,0.853414,0.8490589,0.7214175500000001,0.8138845
2022-10-17,28.0,0.7998701785714285,0.04712540167432986,0.722016,0.7228961,0.8187150000000001,0.8522506,0.86106,0.8522506,0.7228961,0.8187150000000001
2022-10-18,28.0,0.8009602857142858,0.047181021887616935,0.712857,0.72380545,0.8102235,0.85339895,0.86106,0.85339895,0.72380545,0.8102235
2022-10-19,28.0,0.8019095357142856,0.04475174516479746,0.717705,0.730315,0.79976,0.85290515,0.86106,0.85290515,0.730315,0.79976
2022-10-20,28.0,0.8013570357142857,0.041479426940291414,0.729439,0.740429,0.80098,0.8614047,0.865376,0.8614047,0.740429,0.80098
2022-10-21,28.0,0.7980937499999999,0.036839729964049335,0.736281,0.7452094,0.7997325,0.85389005,0.877927,0.85389005,0.7452094,0.7997325
2022-10-22,28.0,0.7947311785714286,0.029859769999924863,0.734745,0.75001155,0.7960389999999999,0.83981175,0.864886,0.83981175,0.75001155,0.7960389999999999
2022-10-23,28.0,0.7911598928571427,0.024676054655444122,0.737693,0.7470797499999999,0.7911555,0.82436855,0.845656,0.82436855,0.7470797499999999,0.7911555
2022-10-24,28.0,0.7872969285714285,0.024918018730954325,0.735244,0.7427057,0.7839585,0.82153615,0.840883,0.82153615,0.7427057,0.7839585
2022-10-25,28.0,0.783920892857143,0.029472111838946234,0.73371,0.7420008,0.7851055,0.82410395,0.880287,0.82410395,0.7420008,0.7851055
2022-10-26,28.0,0.7813920000000001,0.03134979429786609,0.733782,0.7420008,0.7805765,0.8413300499999999,0.868535,0.8413300499999999,0.7420008,0.7805765
2022-10-27,28.0,0.7827074642857141,0.035322588691764446,0.738238,0.74298295,0.7792030000000001,0.8395549,0.883483,0.8395549,0.74298295,0.7792030000000001
2022-10-28,28.0,0.788923642857143,0.04081168905379048,0.718815,0.74620715,0.7837575,0.84540275,0.912371,0.84540275,0.74620715,0.7837575
2022-10-29,28.0,0.7971237142857143,0.043764000270691904,0.722297,0.7460429,0.7942015,0.8724702499999999,0.912252,0.8724702499999999,0.7460429,0.7942015
2022-10-30,28.0,0.8081063214285714,0.04816581035229093,0.729001,0.732726,0.8000155,0.8943933999999999,0.915774,0.8943933999999999,0.732726,0.8000155
2022-10-31,28.0,0.8216651785714285,0.050608939767340905,0.711688,0.73931895,0.8251665,0.9005287000000001,0.914325,0.9005287000000001,0.73931895,0.8251665
2022-11-01,28.0,0.8380789642857144,0.050260249339466524,0.70183,0.7488787499999999,0.851648,0.90439555,0.908914,0.90439555,0.7488787499999999,0.851648
2022-11-02,28.0,0.8578722142857143,0.04392579728432363,0.719903,0.7843613,0.8635079999999999,0.9063387,0.913256,0.9063387,0.7843613,0.8635079999999999
2022-11-03,28.0,0.8783479999999998,0.035888095238558584,0.756696,0.8229571999999999,0.8853115,0.91648375,0.929948,0.91648375,0.8229571999999999,0.8853115
2022-11-04,28.0,0.8988535357142856,0.03252602786884072,0.80696,0.85614365,0.9019874999999999,0.94856345,0.974794,0.94856345,0.85614365,0.9019874999999999
2022-11-05,28.0,0.9198667857142857,0.03891781851101222,0.872013,0.8743681,0.91683,0.996908,1.038187,0.996908,0.8743681,0.91683
2022-11-06,28.0,0.9391046785714285,0.05073262303638671,0.864312,0.8895372500000001,0.928574,1.0391723499999999,1.108693,1.0391723499999999,0.8895372500000001,0.928574
2022-11-07,28.0,0.9550021071428569,0.05911451510249332,0.872663,0.89915755,0.940129,1.08200295,1.1312,1.08200295,0.89915755,0.940129
2022-11-08,28.0,0.9666120714285714,0.06369386786050715,0.885139,0.90726205,0.9426255,1.11642325,1.138055,1.11642325,0.90726205,0.9426255
2022-11-09,28.0,0.9729624285714286,0.06261649222430295,0.899196,0.9134231500000001,0.9466114999999999,1.1125821,1.143782,1.1125821,0.9134231500000001,0.9466114999999999
2022-11-10,28.0,0.9765473571428572,0.06115288294964441,0.914823,0.91902865,0.957913,1.11434355,1.139105,1.11434355,0.91902865,0.957913
2022-11-11,28.0,0.9787259285714285,0.061908450416382356,0.920327,0.92367,0.95783,1.1149468,1.13473,1.1149468,0.92367,0.95783
2022-11-12,28.0,0.9807493214285714,0.06528213726079515,0.91045,0.9276477,0.957249,1.12598165,1.137511,1.12598165,0.9276477,0.957249
2022-11-13,28.0,0.98413225,0.07095443129461747,0.902758,0.93308115,0.9537735,1.124979,1.177539,1.124979,0.93308115,0.9537735
2022-11-14,28.0,0.9897504285714287,0.07756919146080869,0.911369,0.9350436000000001,0.9540850000000001,1.12784245,1.214219,1.12784245,0.9350436000000001,0.9540850000000001
2022-11-15,28.0,0.9970569285714286,0.08387726637526582,0.923694,0.9350471,0.9552115,1.1419489,1.246689,1.1419489,0.9350471,0.9552115
2022-11-16,28.0,1.0059499285714286,0.08852940131116457,0.934642,0.93650445,0.96801,1.1671405,1.274427,1.1671405,0.93650445,0.96801
2022-11-17,28.0,1.0156112499999999,0.08934028529070227,0.934759,0.9391347,0.9782645,1.1905827999999998,1.28392,1.1905827999999998,0.9391347,0.9782645
2022-11-18,28.0,1.0245967857142857,0.0814973697782155,0.932408,0.95056695,0.9961445,1.2000149999999998,1.240619,1.2000149999999998,0.95056695,0.9961445
2022-11-19,28.0,1.0343345000000002,0.07240250198689935,0.950529,0.9616207,1.009302,1.17907565,1.238305,1.17907565,0.9616207,1.009302
2022-11-20,28.0,1.0446096785714285,0.06478939911519223,0.973423,0.9757777999999999,1.0264225,1.18983495,1.231897,1.18983495,0.9757777999999999,1.0264225
2022-11-21,28.0,1.0535330714285716,0.05924459496142123,0.990132,0.99387855,1.0383755,1.19376195,1.2258,1.19376195,0.99387855,1.0383755
2022-11-22,28.0,1.0613091428571428,0.05651666855579426,1.004391,1.00613925,1.0477915,1.19616265,1.219994,1.19616265,1.00613925,1.0477915
2022-11-23,28.0,1.0697095357142856,0.056368458571610935,0.962474,1.0150941999999998,1.059871,1.1978787,1.214461,1.1978787,1.0150941999999998,1.059871
2022-11-24,28.0,1.0793201785714286,0.060123024386763625,0.938184,1.0249628000000002,1.066105,1.1989801,1.209183,1.1989801,1.0249628000000002,1.066105
2022-11-25,28.0,1.0904700714285713,0.06534280721555756,1.017415,1.02279355,1.066277,1.2028291,1.274526,1.2028291,1.02279355,1.066277
2022-11-26,28.0,1.0999592857142857,0.0796592571737328,1.009008,1.0311899500000001,1.0664245,1.24350615,1.350351,1.24350615,1.0311899500000001,1.0664245
2022-11-27,28.0,1.1058755,0.09952967918554634,1.000743,1.0244464,1.0663995000000002,1.3075479499999998,1.413459,1.3075479499999998,1.0244464,1.0663995000000002
2022-11-28,28.0,1.1084187142857143,0.12094820014977858,0.992012,1.01787605,1.0663215,1.3879582,1.462043,1.3879582,1.01787605,1.0663215
2022-11-29,28.0,1.1066633571428572,0.13870660148999672,0.980029,1.00623285,1.05861,1.4537832,1.477037,1.4537832,1.00623285,1.05861
2022-11-30,28.0,1.097054035714286,0.1444272739956463,0.967503,0.9813152,1.0453045,1.4462173999999999,1.508887,1.4462173999999999,0.9813152,1.0453045
2022-12-01,28.0,1.0800027857142858,0.13932014444898383,0.950991,0.95752755,1.025904,1.3543764999999999,1.533471,1.3543764999999999,0.95752755,1.025904
2022-12-02,28.0,1.0564291428571428,0.12175639246453894,0.922208,0.9411884500000001,1.0096045,1.2744839,1.406077,1.2744839,0.9411884500000001,1.0096045
2022-12-03,28.0,1.0325038571428573,0.11152613695376834,0.892817,0.9199148,0.9910905,1.2172895,1.293852,1.2172895,0.9199148,0.9910905
2022-12-04,28.0,1.0105411785714287,0.10770192204311745,0.862178,0.89703585,0.972456,1.1892770000000001,1.208073,1.1892770000000001,0.89703585,0.972456
2022-12-05,28.0,0.9933680714285715,0.10626422428425972,0.829583,0.87288705,0.961866,1.1886547,1.191821,1.1886547,0.87288705,0.961866
2022-12-06,28.0,0.9838473928571428,0.10613989141426769,0.805812,0.840952,0.958415,1.1905002,1.193409,1.1905002,0.840952,0.958415
2022-12-07,28.0,0.9839237142857143,0.10661764701574783,0.805746,0.8382871000000001,0.964931,1.1924456,1.194427,1.1924456,0.8382871000000001,0.964931
2022-12-08,28.0,0.9944106428571429,0.10895643005015875,0.805746,0.83841135,0.974986,1.19378595,1.194938,1.19378595,0.83841135,0.974986
2022-12-09,28.0,1.0157238214285713,0.11204835618211932,0.805963,0.8634709500000001,1.0092995,1.1945846,1.194999,1.1945846,0.8634709500000001,1.0092995
2022-12-10,28.0,1.044735857142857,0.11276379262824023,0.854546,0.8777406,1.0279535,1.2092665,1.245275,1.2092665,0.8777406,1.0279535
2022-12-11,28.0,1.0775275,0.1133472900862164,0.87816,0.9152196,1.0692789999999999,1.25540495,1.279356,1.25540495,0.9152196,1.0692789999999999
2022-12-12,28.0,1.1043313214285715,0.11428803268611823,0.909894,0.9561151,1.1061125,1.2987981499999999,1.311135,1.2987981499999999,0.9561151,1.1061125
2022-12-13,28.0,1.116458392857143,0.11851291882489227,0.946121,0.9569852499999999,1.1166585,1.31062995,1.365332,1.31062995,0.9569852499999999,1.1166585
2022-12-14,28.0,1.1134507142857144,0.12379252424740751,0.937701,0.9474408,1.0850765,1.31062995,1.365722,1.31062995,0.9474408,1.0850765
2022-12-15,28.0,1.0960969999999999,0.13085040980136511,0.894336,0.91374405,1.0721665,1.30142345,1.365722,1.30142345,0.91374405,1.0721665
2022-12-16,28.0,1.0653512857142855,0.13693013481384425,0.84197,0.8703978,1.056335,1.2884550000000001,1.364162,1.2884550000000001,0.8703978,1.056335
2022-12-17,28.0,1.024397357142857,0.13470442947602101,0.793625,0.8394805,0.9939910000000001,1.24404575,1.303325,1.24404575,0.8394805,0.9939910000000001
2022-12-18,28.0,0.9780609642857143,0.1250661645629231,0.781088,0.799065,0.976085,1.17471025,1.214663,1.17471025,0.799065,0.976085
2022-12-19,28.0,0.9350072857142856,0.11128876800962677,0.774285,0.78423415,0.9356675,1.1117854,1.127225,1.1117854,0.78423415,0.9356675
2022-12-20,28.0,0.9013307142857142,0.09609696587681714,0.767005,0.7761687,0.8799935,1.0470152,1.058359,1.0470152,0.7761687,0.8799935
2022-12-21,28.0,0.874706107142857,0.08028371277161703,0.755219,0.76192655,0.8598779999999999,0.98728535,0.999745,0.98728535,0.76192655,0.8598779999999999
2022-12-22,28.0,0.8548139642857143,0.06616802779595357,0.727281,0.75372485,0.8582325,0.9449214,0.957116,0.9449214,0.75372485,0.8582325
2022-12-23,28.0,0.8414941785714285,0.06077814486526575,0.698959,0.7448761,0.856206,0.92576525,0.947007,0.92576525,0.7448761,0.856206
2022-12-24,28.0,0.8336256428571429,0.06542261192189242,0.691528,0.7354319500000001,0.841102,0.9285650499999999,0.989845,0.9285650499999999,0.7354319500000001,0.841102
2022-12-25,28.0,0.8293440357142858,0.07790268528747052,0.689126,0.72614855,0.82675,0.9711336999999999,1.022897,0.9711336999999999,0.72614855,0.82675
2022-12-26,28.0,0.8236305714285714,0.08844266813672491,0.681698,0.697326,0.8222039999999999,0.98612455,1.025963,0.98612455,0.697326,0.8222039999999999
2022-12-27,28.0,0.8129722142857144,0.09569557749770387,0.620108,0.6909358999999999,0.8122415000000001,0.98507735,1.025963,0.98507735,0.6909358999999999,0.8122415000000001
2022-12-28,28.0,0.7983879642857143,0.09528057090644418,0.606017,0.6516982499999999,0.8054885,0.9591713999999999,1.025963,0.9591713999999999,0.6516982499999999,0.8054885
2022-12-29,28.0,0.7801247142857142,0.0853741696394117,0.603495,0.6348557,0.7915245,0.91091985,0.979358,0.91091985,0.6348557,0.7915245
2022-12-30,28.0,0.7606295714285715,0.07291307651729512,0.606096,0.63195815,0.778822,0.8651274,0.921682,0.8651274,0.63195815,0.778822
2022-12-31,28.0,0.7405522142857143,0.06132341444092234,0.616292,0.6344377499999999,0.7474635000000001,0.8244359,0.864935,0.8244359,0.6344377499999999,0.7474635000000001
2023-01-01,28.0,0.7211806428571429,0.050565659635628646,0.636142,0.6437346,0.7266505,0.79096245,0.806752,0.79096245,0.6437346,0.7266505
2023-01-02,28.0,0.7057961785714285,0.04161174469630701,0.608902,0.6538859,0.708217,0.75935225,0.762566,0.75935225,0.6538859,0.708217
2023-01-03,28.0,0.6960661071428571,0.03727675081149333,0.601724,0.6259981,0.7025520000000001,0.7454342500000001,0.751489,0.7454342500000001,0.6259981,0.7025520000000001
2023-01-04,28.0,0.6911870357142859,0.039648051024428844,0.601724,0.6101501,0.6900405000000001,0.7406549499999999,0.754763,0.7406549499999999,0.6101501,0.6900405000000001
2023-01-05,28.0,0.6926901785714286,0.04663024613564285,0.601724,0.6160835,0.6897555,0.7647533999999999,0.775869,0.7647533999999999,0.6160835,0.6897555
2023-01-06,28.0,0.7010566071428572,0.05742417226758889,0.588243,0.6128656,0.698831,0.789002,0.80012,0.789002,0.6128656,0.698831
2023-01-07,28.0,0.7186589285714285,0.07128807931927851,0.539413,0.6239018,0.7174225000000001,0.8219912,0.829259,0.8219912,0.6239018,0.7174225000000001
2023-01-08,28.0,0.7456584285714285,0.083275631225213,0.533989,0.6480284000000001,0.7570939999999999,0.8513967,0.86055,0.8513967,0.6480284000000001,0.7570939999999999
2023-01-09,28.0,0.7783268214285713,0.09500253938167616,0.548303,0.6633804,0.7992520000000001,0.89251435,0.931779,0.89251435,0.6633804,0.7992520000000001
2023-01-10,28.0,0.8141967857142857,0.1004077425741724,0.583508,0.6593521,0.840962,0.9307503500000001,0.950955,0.9307503500000001,0.6593521,0.840962
2023-01-11,28.0,0.8531457142857144,0.09749454053997346,0.65191,0.6803642,0.882056,0.96047695,0.974152,0.96047695,0.6803642,0.882056
2023-01-12,28.0,0.8941745,0.09031684389209817,0.703875,0.7309133999999999,0.9255880000000001,1.0004964,1.016757,1.0004964,0.7309133999999999,0.9255880000000001
2023-01-13,28.0,0.9359670000000001,0.08668385135609703,0.750894,0.7675044000000001,0.9532145,1.0492221,1.104236,1.0492221,0.7675044000000001,0.9532145
2023-01-14,28.0,0.9714933928571429,0.08582153388339785,0.787253,0.83234575,0.9608140000000001,1.1030134999999999,1.171587,1.1030134999999999,0.83234575,0.9608140000000001
2023-01-15,28.0,0.9971017857142858,0.07301026478027396,0.834754,0.90286305,0.9760485000000001,1.1066307499999999,1.186248,1.1066307499999999,0.90286305,0.9760485000000001
2023-01-16,28.0,1.022822892857143,0.06460854224930854,0.894161,0.95275255,1.0180894999999999,1.1260174,1.165263,1.1260174,0.95275255,1.0180894999999999
2023-01-17,28.0,1.0499200714285715,0.06947566042330196,0.958501,0.9613549,1.0449915,1.158815,1.171288,1.158815,0.9613549,1.0449915
2023-01-18,28.0,1.07638375,0.07972252360560529,0.94131,0.9665793500000001,1.058044,1.2143091,1.243433,1.2143091,0.9665793500000001,1.058044
2023-01-19,28.0,1.1017751785714285,0.09092516975250849,0.922278,0.97976315,1.1032005,1.26323605,1.31575,1.26323605,0.97976315,1.1032005
2023-01-20,28.0,1.12794,0.10078026154001624,0.913014,1.0129428999999999,1.1213009999999999,1.3055902,1.377437,1.3055902,1.0129428999999999,1.1213009999999999
2023-01-21,28.0,1.156174785714286,0.10401360838152368,0.969188,1.0474643000000001,1.1365984999999998,1.34050505,1.426496,1.34050505,1.0474643000000001,1.1365984999999998
2023-01-22,28.0,1.1830974642857142,0.10320120580349326,1.043526,1.0687574499999999,1.1614795,1.36459585,1.462562,1.36459585,1.0687574499999999,1.1614795
2023-01-23,28.0,1.1998640000000003,0.09608154234622603,1.077718,1.10153535,1.181537,1.3807758499999998,1.465033,1.3807758499999998,1.10153535,1.181537
2023-01-24,28.0,1.205322,0.08389984456304853,1.089437,1.107179,1.1817725000000001,1.3779633,1.390372,1.3779633,1.107179,1.1817725000000001
2023-01-25,28.0,1.2024837857142858,0.07839935369128781,1.100539,1.10736035,1.1793805,1.35905535,1.391016,1.35905535,1.10736035,1.1793805
2023-01-26,28.0,1.1929400357142856,0.07769167473034731,1.072721,1.10590305,1.1695834999999999,1.3326247,1.391016,1.3326247,1.10590305,1.1695834999999999
2023-01-27,28.0,1.175610892857143,0.07862518395401637,1.035803,1.0839104499999999,1.1619785,1.3277715,1.381185,1.3277715,1.0839104499999999,1.1619785
2023-01-28,28.0,1.151707714285714,0.0754535836862672,1.001355,1.05063295,1.1526865000000002,1.3010548999999998,1.340771,1.3010548999999998,1.05063295,1.1526865000000002
2023-01-29,28.0,1.1260234642857143,0.07108013946321284,0.978044,1.00735035,1.1207004999999999,1.2461505,1.274846,1.2461505,1.00735035,1.1207004999999999
2023-01-30,28.0,1.1067922142857143,0.06852721582692105,0.958703,1.0084321,1.1028485,1.2211855,1.233291,1.2211855,1.0084321,1.1028485
2023-01-31,28.0,1.096810892857143,0.0672941141333185,0.975912,1.00463515,1.0902705,1.19961435,1.250834,1.19961435,1.00463515,1.0902705
2023-02-01,28.0,1.0943619285714286,0.06890871419920196,0.975651,1.0085582,1.085959,1.1961270499999999,1.259628,1.1961270499999999,1.0085582,1.085959
2023-02-02,28.0,1.0981021071428572,0.07191637621537296,0.975648,1.01155535,1.0995975,1.1999928,1.235019,1.1999928,1.01155535,1.0995975
2023-02-03,28.0,1.1099999285714286,0.07874353548536825,0.985333,0.98912275,1.120136,1.20792415,1.208973,1.20792415,0.98912275,1.120136
2023-02-04,28.0,1.1302090357142855,0.08555279215846662,0.957269,0.9716219500000001,1.1470280000000002,1.2358266,1.250848,1.2358266,0.9716219500000001,1.1470280000000002
2023-02-05,28.0,1.155982892857143,0.08395641056296847,0.93824,1.0189051,1.1694905,1.2682407500000001,1.302307,1.2682407500000001,1.0189051,1.1694905
2023-02-06,28.0,1.1805488928571428,0.07408756529111936,0.989349,1.076204,1.179192,1.28460665,1.330084,1.28460665,1.076204,1.179192
2023-02-07,28.0,1.1989225357142854,0.06113980016837077,1.057435,1.1202538,1.186489,1.3034745,1.316453,1.3034745,1.1202538,1.186489
2023-02-08,28.0,1.2127234999999998,0.05442706429062933,1.123675,1.135203,1.2044104999999998,1.3224386,1.339868,1.3224386,1.135203,1.2044104999999998
2023-02-09,28.0,1.2221240000000002,0.0546516385617255,1.142205,1.15512035,1.2089515,1.3235176499999999,1.366006,1.3235176499999999,1.15512035,1.2089515
2023-02-10,28.0,1.2238689285714286,0.05772879725311283,1.107211,1.1556229500000001,1.2220105,1.3109351,1.369112,1.3109351,1.1556229500000001,1.2220105
2023-02-11,28.0,1.2163007499999998,0.06098814921837958,1.067491,1.141051,1.2119304999999998,1.32254525,1.336453,1.32254525,1.141051,1.2119304999999998
2023-02-12,28.0,1.1993533214285714,0.06109228313216216,1.031282,1.11966535,1.203948,1.26119965,1.345226,1.26119965,1.11966535,1.203948
2023-02-13,28.0,1.1747791785714286,0.06434986744759065,0.996059,1.0896001,1.1841409999999999,1.2592849000000002,1.261713,1.2592849000000002,1.0896001,1.1841409999999999
2023-02-14,28.0,1.1466337142857144,0.0779137938217176,0.95467,1.04821045,1.139157,1.2558996999999998,1.261717,1.2558996999999998,1.04821045,1.139157
2023-02-15,28.0,1.1129107857142857,0.09373877981543029,0.912835,0.97938225,1.1227235,1.2480274,1.261711,1.2480274,0.97938225,1.1227235
2023-02-16,28.0,1.0733201071428573,0.10663803175760628,0.870553,0.9134017,1.0701655,1.2456250500000001,1.247781,1.2456250500000001,0.9134017,1.0701655
2023-02-17,28.0,1.0303193571428573,0.11500812437653465,0.826523,0.8487881,1.021429,1.2078111,1.240691,1.2078111,0.8487881,1.021429
2023-02-18,28.0,0.9862046071428573,0.12208641654455993,0.776467,0.7905541,0.9946630000000001,1.14231435,1.227059,1.14231435,0.7905541,0.9946630000000001
2023-02-19,28.0,0.9440620000000001,0.12762674688208464,0.727275,0.7515465,0.9562455,1.1124222,1.149385,1.1124222,0.7515465,0.9562455
2023-02-20,28.0,0.9092851428571429,0.13293573554519417,0.676598,0.69609465,0.906997,1.07511585,1.109469,1.07511585,0.69609465,0.906997
2023-02-21,28.0,0.8837041785714286,0.13668262757016875,0.608798,0.664232,0.874954,1.0790970500000001,1.08486,1.0790970500000001,0.664232,0.874954
2023-02-22,28.0,0.8697635714285715,0.1409488318487004,0.57877,0.6258712000000001,0.8717415,1.0813100999999998,1.114691,1.0813100999999998,0.6258712000000001,0.8717415
2023-02-23,28.0,0.8688056428571429,0.146105846851144,0.579142,0.6002017,0.8807965,1.07771975,1.146981,1.07771975,0.6002017,0.8807965
2023-02-24,28.0,0.8807178571428572,0.1486638546183262,0.5798,0.59018425,0.910153,1.0810596,1.16463,1.0810596,0.59018425,0.910153
2023-02-25,28.0,0.9052949285714288,0.14735292384559787,0.579172,0.62668305,0.925952,1.1141805500000002,1.212856,1.1141805500000002,0.62668305,0.925952
2023-02-26,28.0,0.9395705714285715,0.15293014374675165,0.604491,0.6909283,0.9441470000000001,1.1909588999999998,1.340734,1.1909588999999998,0.6909283,0.9441470000000001
2023-02-27,28.0,0.9734776071428571,0.1612502615881517,0.651753,0.7653485,0.9455910000000001,1.2961097499999998,1.416729,1.2961097499999998,0.7653485,0.9455910000000001
2023-02-28,28.0,0.9967865357142858,0.1610669371922126,0.730559,0.79732455,0.9562475,1.3180222,1.416822,1.3180222,0.79732455,0.9562475
2023-03-01,28.0,1.0049174285714284,0.16127145318913524,0.761728,0.8166603,0.9583820000000001,1.31786415,1.416936,1.31786415,0.8166603,0.9583820000000001
2023-03-02,28.0,0.9941276785714284,0.15976446411585457,0.737845,0.7929866,0.9729209999999999,1.2658933499999998,1.416725,1.2658933499999998,0.7929866,0.9729209999999999
2023-03-03,28.0,0.9642074285714284,0.15300961065299098,0.710347,0.766411,0.9456115,1.2451721,1.317842,1.2451721,0.766411,0.9456115
2023-03-04,28.0,0.9182808571428571,0.1371937948018313,0.684575,0.72416655,0.9164305,1.14096795,1.209664,1.14096795,0.72416655,0.9164305
2023-03-05,27.0,0.8725795925925928,0.12628542642310747,0.675371,0.6832995,0.885655,1.0586191,1.101135,1.0586191,0.6832995,0.885655
2023-03-06,26.0,0.8345519615384615,0.11714575315203903,0.608126,0.63715975,0.861337,1.00462125,1.010786,1.00462125,0.63715975,0.861337
2023-03-07,25.0,0.81027852,0.09783423391299866,0.612945,0.6867932,0.804709,0.9584599999999999,0.973423,0.9584599999999999,0.6867932,0.804709
2023-03-08,24.0,0.7904397083333333,0.08727243765781566,0.644123,0.6517315,0.7924125,0.9155580999999998,0.987923,0.9155580999999998,0.6517315,0.7924125
2023-03-09,23.0,0.7686785652173913,0.09142979334282379,0.559472,0.6447132999999999,0.765631,0.8807944,1.002831,0.8807944,0.6447132999999999,0.765631
2023-03-10,22.0,0.7450558181818181,0.10240152564415768,0.457403,0.5531827500000001,0.7626715,0.8557678000000001,0.952144,0.8557678000000001,0.5531827500000001,0.7626715
2023-03-11,20.0,0.75385735,0.12236225120314938,0.435979,0.5865273999999999,0.7647895,0.9001080000000001,1.044926,0.9001080000000001,0.5865273999999999,0.7647895
2023-03-12,19.0,0.7847363157894737,0.14769149020698993,0.496397,0.5780198,0.773688,1.0539904999999998,1.145732,1.0539904999999998,0.5780198,0.773688
2023-03-13,18.0,0.8239996111111112,0.18323195754823315,0.489222,0.66459315,0.7800385000000001,1.22598805,1.247448,1.22598805,0.66459315,0.7800385000000001
2023-03-14,17.0,0.873884294117647,0.2127454025853922,0.714029,0.7289234,0.791848,1.3552962,1.407413,1.3552962,0.7289234,0.791848
2023-03-15,16.0,0.8686329375,0.22357558804141048,0.722095,0.73636975,0.7931969999999999,1.3282215000000002,1.574088,1.3282215000000002,0.73636975,0.7931969999999999
2023-03-16,15.0,0.8585145333333333,0.23771882795973984,0.697688,0.737322,0.792199,1.139307199999999,1.702579,1.139307199999999,0.737322,0.792199
2023-03-17,14.0,0.8043005,0.05578091269870007,0.669205,0.7194441500000001,0.806737,0.8722632,0.898765,0.8722632,0.7194441500000001,0.806737
2023-03-18,14.0,0.8089302857142856,0.0700458035205191,0.640544,0.70399895,0.821832,0.89439645,0.89977,0.89439645,0.70399895,0.821832
2023-03-19,14.0,0.8167373571428571,0.08487153595025217,0.639388,0.69904435,0.8270109999999999,0.92415665,0.96729,0.92415665,0.69904435,0.8270109999999999
2023-03-20,14.0,0.8276778571428572,0.10305418687411838,0.648676,0.6984770499999999,0.8325195000000001,0.96439425,1.053545,0.96439425,0.6984770499999999,0.8325195000000001
2023-03-21,13.0,0.8384956153846154,0.12850103203252133,0.666289,0.6878554,0.796352,1.0226579999999996,1.145778,1.0226579999999996,0.6878554,0.796352
2023-03-22,12.0,0.8259085,0.09827091071254367,0.68741,0.69166315,0.7872825,0.96447205,0.966787,0.96447205,0.69166315,0.7872825
2023-03-23,11.0,0.8447003636363636,0.09760709705269664,0.738666,0.746214,0.805014,0.9939445,0.994628,0.9939445,0.746214,0.805014
2023-03-24,10.0,0.8764082,0.10396212925419847,0.749897,0.76128425,0.8443505,1.02455665,1.025341,1.02455665,0.76128425,0.8443505
2023-03-25,9.0,0.9074544444444445,0.12011697906427625,0.7301,0.7480872,0.882877,1.045104,1.058096,1.045104,0.7480872,0.882877
2023-03-26,8.0,0.9471908750000001,0.16979371325349688,0.707341,0.73130865,0.9326045000000001,1.1668560000000001,1.205489,1.1668560000000001,0.73130865,0.9326045000000001
2023-03-27,6.0,1.034961,0.25501266007788714,0.680909,0.7340335,1.0159150000000001,1.3519735,1.402137,1.3519735,0.7340335,1.0159150000000001
