date,count,mean,std,min,5%,50%,95%,max
2021-01-01,7.0,0.939635,0.027572,0.901845,0.905017,0.942408,0.97596,0.986221
2021-01-02,7.0,0.949524,0.031702,0.912417,0.917284,0.946156,0.996463,1.008222
2021-01-03,7.0,0.960267,0.038705,0.919207,0.922037,0.946215,1.01754,1.0307
2021-01-04,7.0,0.971967,0.04458,0.918024,0.923239,0.964995,1.034508,1.047051
2021-01-05,7.0,0.978383,0.042644,0.918567,0.921795,0.984775,1.024285,1.026383
2021-01-06,7.0,0.979779,0.041381,0.919183,0.920322,1.000756,1.015391,1.019388
2021-01-07,7.0,0.976201,0.042203,0.916322,0.917388,0.98857,1.016752,1.021333
2021-01-08,7.0,0.967216,0.042477,0.909314,0.912715,0.971306,1.017302,1.021333
2021-01-09,7.0,0.953694,0.038222,0.904276,0.909446,0.954048,1.002526,1.007897
2021-01-10,7.0,0.941653,0.032098,0.901643,0.905219,0.936575,0.9847,0.989992
2021-01-11,7.0,0.931474,0.028943,0.880522,0.891963,0.931243,0.967068,0.972352
2021-01-12,7.0,0.926346,0.023159,0.889591,0.893899,0.936926,0.950507,0.95474
2021-01-13,7.0,0.92606,0.021185,0.903953,0.904364,0.918673,0.95337,0.954556
2021-01-14,7.0,0.930626,0.025064,0.903672,0.906287,0.922738,0.967349,0.970021
2021-01-15,7.0,0.940259,0.030181,0.903672,0.9062,0.940262,0.98195,0.986171
2021-01-16,7.0,0.954345,0.031396,0.912097,0.916126,0.955759,0.995831,1.001122
2021-01-17,7.0,0.968257,0.029289,0.925527,0.929889,0.972137,1.00255,1.005977
2021-01-18,7.0,0.981745,0.026534,0.940067,0.944734,0.989233,1.007592,1.009116
2021-01-19,7.0,0.993392,0.022112,0.955623,0.960556,1.004538,1.011922,1.012246
2021-01-20,7.0,1.002731,0.01655,0.972067,0.977217,1.00613,1.015955,1.016045
2021-01-21,7.0,1.009617,0.011862,0.989234,0.993845,1.00613,1.022089,1.022601
2021-01-22,7.0,1.013929,0.011105,1.004603,1.00463,1.006193,1.028288,1.029399
2021-01-23,7.0,1.015719,0.013801,1.003981,1.004195,1.006193,1.034404,1.036104
2021-01-24,7.0,1.01561,0.015741,1.003271,1.003484,1.005461,1.038559,1.040045
2021-01-25,7.0,1.012759,0.01414,1.002563,1.002775,1.004732,1.0347,1.037452
2021-01-26,7.0,1.007651,0.009552,1.001153,1.001244,1.003283,1.023013,1.026713
2021-01-27,7.0,1.001654,0.006556,0.993981,0.994449,1.001153,1.010922,1.014196
2021-01-28,7.0,0.994945,0.007116,0.986541,0.986852,0.995541,1.002393,1.002563
2021-01-29,7.0,0.987482,0.009336,0.974389,0.975801,0.989254,0.999459,1.001142
2021-01-30,7.0,0.979362,0.011314,0.961168,0.964383,0.978091,0.993645,0.99553
2021-01-31,7.0,0.971617,0.012926,0.94976,0.954682,0.970267,0.987359,0.989245
2021-02-01,7.0,0.965681,0.011697,0.950037,0.951591,0.963796,0.981064,0.982959
2021-02-02,7.0,0.961063,0.009654,0.950642,0.95116,0.958431,0.974728,0.976641
2021-02-03,7.0,0.957758,0.008066,0.947039,0.947807,0.958431,0.968324,0.970264
2021-02-04,7.0,0.955806,0.008733,0.943313,0.943437,0.958433,0.963754,0.963795
2021-02-05,7.0,0.955227,0.011747,0.937652,0.938192,0.959966,0.966031,0.967048
2021-02-06,7.0,0.956243,0.015084,0.933941,0.934389,0.962694,0.969494,0.970542
2021-02-07,7.0,0.959661,0.015382,0.931257,0.935684,0.964967,0.973056,0.974133
2021-02-08,7.0,0.963513,0.016031,0.929473,0.939107,0.967052,0.97671,0.977815
2021-02-09,7.0,0.969749,0.013166,0.943517,0.949193,0.974134,0.980673,0.981836
2021-02-10,7.0,0.976908,0.012746,0.960841,0.960963,0.977815,0.992732,0.994972
2021-02-11,7.0,0.984611,0.01624,0.959205,0.96479,0.981836,1.006755,1.012422
2021-02-12,7.0,0.992793,0.021886,0.957525,0.96482,0.993533,1.020954,1.03009
2021-02-13,7.0,1.000845,0.027436,0.955798,0.96531,0.999638,1.036807,1.044279
2021-02-14,7.0,1.006389,0.028266,0.95663,0.967698,1.005791,1.038967,1.039535
2021-02-15,7.0,1.013424,0.025762,0.973497,0.981334,1.011964,1.048321,1.057077
2021-02-16,7.0,1.018794,0.02042,0.993853,0.997427,1.018129,1.048705,1.059214
2021-02-17,7.0,1.023835,0.016959,1.009234,1.010043,1.018129,1.050078,1.058799
2021-02-18,7.0,1.028834,0.017911,1.000189,1.005559,1.029727,1.051718,1.05839
2021-02-19,7.0,1.03372,0.022765,0.991247,1.001116,1.03511,1.057822,1.057986
2021-02-20,7.0,1.038795,0.028789,0.984849,0.998312,1.040387,1.072131,1.078364
2021-02-21,7.0,1.045272,0.029999,0.99354,1.006025,1.04554,1.083335,1.094538
2021-02-22,7.0,1.048417,0.024107,1.004938,1.015601,1.050548,1.077016,1.086028
2021-02-23,7.0,1.05023,0.017545,1.016457,1.025224,1.050548,1.069758,1.074243
2021-02-24,7.0,1.051215,0.012096,1.027998,1.032635,1.055397,1.062024,1.063193
2021-02-25,7.0,1.051369,0.009186,1.037165,1.037854,1.055626,1.059036,1.059294
2021-02-26,7.0,1.050682,0.010356,1.031087,1.034607,1.055313,1.059197,1.059524
2021-02-27,7.0,1.04917,0.014012,1.025188,1.027621,1.055313,1.060429,1.061287
2021-02-28,7.0,1.047584,0.017636,1.019437,1.021674,1.053833,1.065016,1.068632
2021-03-01,7.0,1.0486,0.018292,1.015631,1.022138,1.052403,1.069075,1.075194
2021-03-02,7.0,1.051728,0.01695,1.022812,1.031087,1.05102,1.072926,1.081434
2021-03-03,7.0,1.056311,0.016819,1.031769,1.037526,1.051415,1.080088,1.087332
2021-03-04,7.0,1.062195,0.017808,1.040612,1.043371,1.058498,1.087683,1.092872
2021-03-05,7.0,1.069328,0.01869,1.049283,1.049421,1.067039,1.094867,1.098046
2021-03-06,7.0,1.077376,0.017864,1.057727,1.057965,1.075239,1.100547,1.101329
2021-03-07,7.0,1.083634,0.014945,1.065894,1.06667,1.083058,1.103427,1.10684
2021-03-08,7.0,1.087306,0.009674,1.073701,1.075007,1.088535,1.09917,1.099923
2021-03-09,7.0,1.089968,0.007337,1.08092,1.081256,1.090458,1.099657,1.100619
2021-03-10,7.0,1.089272,0.008955,1.075927,1.078037,1.087721,1.099657,1.100619
2021-03-11,7.0,1.084995,0.014965,1.066438,1.067552,1.084461,1.102908,1.103889
2021-03-12,7.0,1.077185,0.020749,1.049589,1.054115,1.068046,1.10492,1.106986
2021-03-13,7.0,1.065533,0.023473,1.033644,1.038427,1.061192,1.099221,1.105654
2021-03-14,7.0,1.052597,0.029038,1.018377,1.022957,1.049589,1.095306,1.110773
2021-03-15,7.0,1.038392,0.034007,1.003591,1.008027,1.033644,1.089064,1.110348
2021-03-16,7.0,1.020694,0.028481,0.991314,0.994997,1.013866,1.063777,1.080478
2021-03-17,7.0,1.005275,0.020349,0.991314,0.991618,0.99781,1.037206,1.048553
2021-03-18,7.0,0.992894,0.014351,0.971774,0.975272,0.992327,1.012289,1.018842
2021-03-19,7.0,0.983605,0.015857,0.955324,0.959469,0.990567,0.997855,0.998835
2021-03-20,7.0,0.978858,0.019115,0.957884,0.959441,0.970005,1.001133,1.002117
2021-03-21,7.0,0.977902,0.026012,0.93578,0.942848,0.97856,1.004421,1.005408
2021-03-22,7.0,0.980713,0.033535,0.913609,0.929293,0.99309,1.007711,1.008698
2021-03-23,7.0,0.988602,0.031324,0.924118,0.939578,1.005408,1.01026,1.010929
2021-03-24,7.0,0.996511,0.026868,0.941358,0.954668,1.006859,1.019402,1.023034
2021-03-25,7.0,1.003468,0.023383,0.95985,0.970707,1.006859,1.029963,1.038121
2021-03-26,7.0,1.009057,0.022048,0.979405,0.984613,1.00652,1.04145,1.049583
2021-03-27,7.0,1.011406,0.018854,0.991756,0.993259,1.001793,1.037881,1.040204
2021-03-28,7.0,1.011767,0.019213,0.986748,0.988251,1.020692,1.030551,1.031702
2021-03-29,7.0,1.01085,0.023727,0.981722,0.98323,1.015954,1.036754,1.038972
2021-03-30,7.0,1.007725,0.026235,0.978982,0.979804,1.004351,1.038667,1.040057
2021-03-31,7.0,1.006553,0.026515,0.978982,0.979804,0.99295,1.038921,1.039181
2021-04-01,7.0,1.008111,0.026126,0.978982,0.979783,1.004278,1.040979,1.042846
2021-04-02,7.0,1.012543,0.025231,0.97357,0.978591,1.018453,1.042978,1.046409
2021-04-03,7.0,1.019986,0.021319,0.984885,0.990703,1.018453,1.044913,1.049862
2021-04-04,7.0,1.026517,0.019317,0.999832,1.001649,1.031798,1.04915,1.050153
2021-04-05,7.0,1.030399,0.021317,0.994418,1.000613,1.032557,1.056525,1.060689
2021-04-06,7.0,1.033637,0.029631,0.983064,0.992,1.031158,1.067534,1.070467
2021-04-07,7.0,1.033207,0.037083,0.971727,0.978347,1.045708,1.067535,1.070468
2021-04-08,7.0,1.028618,0.043586,0.960312,0.964748,1.042769,1.067557,1.070468
2021-04-09,7.0,1.019926,0.048286,0.948723,0.951054,1.033705,1.067481,1.071529
2021-04-10,7.0,1.008236,0.048936,0.937724,0.938756,1.028228,1.054145,1.059021
2021-04-11,7.0,1.000598,0.044274,0.922501,0.933685,1.014231,1.041059,1.043529
2021-04-12,7.0,0.996998,0.03474,0.930972,0.946909,1.000615,1.031769,1.033048
2021-04-13,7.0,0.992002,0.025629,0.944268,0.95338,1.000615,1.014171,1.014603
2021-04-14,7.0,0.987685,0.025709,0.958419,0.960721,0.987233,1.02511,1.035523
2021-04-15,7.0,0.984365,0.03524,0.958098,0.960496,0.973314,1.039366,1.061696
2021-04-16,7.0,0.981843,0.048723,0.947938,0.948537,0.966091,1.05789,1.087493
2021-04-17,7.0,0.978539,0.060213,0.926165,0.93078,0.958107,1.073728,1.103284
2021-04-18,7.0,0.966882,0.055272,0.903794,0.912521,0.949953,1.050798,1.065487
2021-04-19,7.0,0.950868,0.047389,0.88329,0.895466,0.941577,1.016499,1.022785
2021-04-20,7.0,0.936889,0.037184,0.878891,0.889748,0.932922,0.983054,0.983136
2021-04-21,7.0,0.923943,0.027749,0.877205,0.886916,0.923928,0.958566,0.964644
2021-04-22,7.0,0.911516,0.021367,0.875477,0.884153,0.909581,0.939384,0.946096
2021-04-23,7.0,0.899422,0.021752,0.867242,0.869182,0.904343,0.923549,0.927238
2021-04-24,7.0,0.888274,0.027728,0.83244,0.844277,0.89879,0.909049,0.909584
2021-04-25,7.0,0.882185,0.024586,0.832141,0.84351,0.890015,0.902843,0.904581
2021-04-26,7.0,0.879178,0.020057,0.838846,0.848174,0.886508,0.897362,0.899281
2021-04-27,7.0,0.878299,0.015095,0.846915,0.855149,0.881272,0.891532,0.893649
2021-04-28,7.0,0.879237,0.012489,0.856465,0.861727,0.879858,0.893544,0.896071
2021-04-29,7.0,0.882112,0.014422,0.867595,0.869516,0.879863,0.903809,0.912591
2021-04-30,7.0,0.887046,0.01952,0.875493,0.875702,0.880382,0.916741,0.930769
2021-05-01,7.0,0.893494,0.025708,0.876382,0.877535,0.884813,0.933123,0.950477
2021-05-02,7.0,0.898641,0.032706,0.878723,0.878821,0.889997,0.948252,0.971518
2021-05-03,7.0,0.901797,0.038403,0.869658,0.873193,0.890021,0.960111,0.985947
2021-05-04,7.0,0.898111,0.029403,0.858303,0.866182,0.895834,0.939626,0.955116
2021-05-05,7.0,0.890628,0.022809,0.845964,0.857507,0.890271,0.913876,0.917208
2021-05-06,7.0,0.879282,0.023262,0.83247,0.844726,0.881494,0.901945,0.906149
2021-05-07,7.0,0.863661,0.028091,0.817612,0.823989,0.870817,0.893131,0.89422
2021-05-08,7.0,0.84419,0.034878,0.796184,0.797668,0.849636,0.879593,0.88184
2021-05-09,7.0,0.822332,0.043392,0.749375,0.760178,0.826653,0.865916,0.866102
2021-05-10,7.0,0.801611,0.050906,0.704746,0.728707,0.801386,0.853311,0.855108
2021-05-11,7.0,0.786822,0.046124,0.704225,0.723113,0.787527,0.839857,0.843818
2021-05-12,7.0,0.776797,0.038848,0.715627,0.724976,0.772926,0.825097,0.831461
2021-05-13,7.0,0.77283,0.030711,0.732828,0.736912,0.776598,0.811804,0.817854
2021-05-14,7.0,0.776054,0.022234,0.750717,0.752654,0.765545,0.804621,0.805414
2021-05-15,7.0,0.785857,0.019097,0.762146,0.762658,0.787998,0.810974,0.815239
2021-05-16,7.0,0.801309,0.025924,0.762996,0.768558,0.803031,0.830652,0.832594
2021-05-17,7.0,0.818952,0.037757,0.765134,0.770603,0.831101,0.866326,0.877705
2021-05-18,7.0,0.832647,0.042443,0.768834,0.773034,0.83581,0.876491,0.881252
2021-05-19,7.0,0.843089,0.047239,0.774408,0.776989,0.859317,0.891649,0.897958
2021-05-20,7.0,0.846692,0.047034,0.782203,0.782754,0.852957,0.896581,0.901353
2021-05-21,7.0,0.842425,0.038776,0.78608,0.787523,0.856766,0.880317,0.885866
2021-05-22,7.0,0.835476,0.03291,0.788506,0.789332,0.840807,0.865074,0.866362
2021-05-23,7.0,0.826718,0.031984,0.786934,0.788002,0.830462,0.868272,0.873375
2021-05-24,7.0,0.81355,0.029732,0.784886,0.78576,0.804399,0.854394,0.856558
2021-05-25,7.0,0.797904,0.030689,0.756612,0.761184,0.790803,0.835686,0.836333
2021-05-26,7.0,0.78179,0.037014,0.726654,0.729208,0.792123,0.81768,0.821113
2021-05-27,7.0,0.769883,0.040095,0.699845,0.708133,0.782485,0.802782,0.804258
2021-05-28,7.0,0.764026,0.035215,0.702098,0.712537,0.781435,0.796347,0.798052
2021-05-29,7.0,0.759838,0.034117,0.715773,0.716132,0.764235,0.798494,0.804355
2021-05-30,7.0,0.75714,0.04178,0.682954,0.698893,0.769586,0.803473,0.812708
2021-05-31,7.0,0.762011,0.046938,0.685075,0.694578,0.767663,0.8146,0.823155
2021-06-01,7.0,0.774941,0.052436,0.698928,0.704653,0.783491,0.833128,0.835925
2021-06-02,7.0,0.793157,0.060778,0.720314,0.722288,0.785788,0.856859,0.859194
2021-06-03,7.0,0.809027,0.064888,0.740264,0.743526,0.789348,0.891467,0.901016
2021-06-04,7.0,0.817942,0.055791,0.759112,0.759164,0.794392,0.890482,0.893389
2021-06-05,7.0,0.822823,0.042019,0.762458,0.769064,0.829017,0.870782,0.874573
2021-06-06,7.0,0.825692,0.044446,0.767498,0.774269,0.81733,0.889111,0.903969
2021-06-07,7.0,0.817222,0.041197,0.774771,0.775705,0.79999,0.875776,0.886414
2021-06-08,7.0,0.799662,0.0372,0.764243,0.764247,0.782053,0.851454,0.854554
2021-06-09,7.0,0.777195,0.037652,0.723889,0.731396,0.775016,0.826483,0.829035
2021-06-10,7.0,0.753741,0.042329,0.67743,0.693655,0.755443,0.803629,0.812287
2021-06-11,7.0,0.731359,0.0504,0.631031,0.655208,0.743653,0.781431,0.793658
2021-06-12,7.0,0.714332,0.046838,0.628591,0.647829,0.735235,0.762904,0.772751
2021-06-13,7.0,0.702207,0.041772,0.640731,0.643436,0.725363,0.742391,0.749052
2021-06-14,7.0,0.700023,0.028117,0.656436,0.658448,0.711322,0.723796,0.726694
2021-06-15,7.0,0.707543,0.018624,0.682036,0.685769,0.706343,0.732024,0.732109
2021-06-16,7.0,0.726305,0.027456,0.695077,0.696142,0.721727,0.759256,0.761425
2021-06-17,7.0,0.75851,0.0506,0.687429,0.695163,0.765466,0.822116,0.831225
2021-06-18,7.0,0.805862,0.074547,0.711584,0.719853,0.791508,0.902798,0.922049
2021-06-19,7.0,0.856924,0.08604,0.753114,0.759752,0.824915,0.960265,0.960955
2021-06-20,7.0,0.913483,0.095234,0.810527,0.814322,0.874664,1.044302,1.067086
2021-06-21,7.0,0.969423,0.083862,0.884018,0.884531,0.948319,1.085006,1.111696
2021-06-22,7.0,1.035879,0.061846,0.957569,0.963879,1.037891,1.120614,1.143039
2021-06-23,7.0,1.116505,0.040986,1.063889,1.070465,1.117317,1.170061,1.172237
2021-06-24,7.0,1.225547,0.073181,1.118663,1.136549,1.218983,1.324975,1.335422
2021-06-25,7.0,1.358882,0.170375,1.17412,1.188521,1.334128,1.598687,1.651856
2021-06-26,7.0,1.506985,0.242398,1.242216,1.260758,1.426848,1.86354,1.919798
2021-06-27,7.0,1.659539,0.266408,1.298909,1.359459,1.608211,2.041902,2.092036
2021-06-28,7.0,1.813241,0.219938,1.590973,1.595459,1.817979,2.126619,2.165979
2021-06-29,7.0,1.955957,0.143549,1.718793,1.765766,1.939693,2.138352,2.166694
2021-06-30,7.0,2.064685,0.065517,1.959327,1.969673,2.086082,2.1292,2.13801
2021-07-01,7.0,2.095329,0.110293,1.965457,1.975303,2.105168,2.232365,2.236449
2021-07-02,7.0,2.062484,0.175924,1.846229,1.851807,2.078275,2.244126,2.244581
2021-07-03,7.0,1.987571,0.217186,1.752396,1.752964,1.999266,2.204048,2.20408
2021-07-04,7.0,1.885796,0.229516,1.667155,1.670867,1.794465,2.148591,2.154335
2021-07-05,7.0,1.767048,0.208194,1.590665,1.593547,1.640529,2.062843,2.083759
2021-07-06,7.0,1.641276,0.158844,1.522719,1.525722,1.571945,1.892573,1.964764
2021-07-07,7.0,1.519137,0.073164,1.453102,1.457908,1.501938,1.629049,1.675511
2021-07-08,7.0,1.419312,0.032883,1.383746,1.386185,1.40458,1.466435,1.471718
2021-07-09,7.0,1.33535,0.031924,1.283921,1.292235,1.33364,1.375779,1.382627
2021-07-10,7.0,1.26312,0.037729,1.20648,1.214061,1.276587,1.305411,1.307891
2021-07-11,7.0,1.200243,0.04156,1.143288,1.14571,1.216513,1.242418,1.243076
2021-07-12,7.0,1.143077,0.043258,1.08429,1.086083,1.150849,1.18995,1.190254
2021-07-13,7.0,1.094462,0.045649,1.028768,1.034528,1.089697,1.145706,1.145735
2021-07-14,7.0,1.053936,0.045714,0.996436,1.000444,1.051127,1.107549,1.107746
2021-07-15,7.0,1.016804,0.047418,0.968326,0.969087,1.013666,1.07355,1.073945
2021-07-16,7.0,0.98113,0.050646,0.919308,0.925015,0.97791,1.042211,1.043051
2021-07-17,7.0,0.945661,0.054665,0.868097,0.878578,0.943151,1.011389,1.014164
2021-07-18,7.0,0.911372,0.058242,0.823926,0.836786,0.908464,0.981707,0.986563
2021-07-19,7.0,0.884757,0.050565,0.829686,0.831354,0.872963,0.952709,0.959627
2021-07-20,7.0,0.865412,0.039156,0.827236,0.829782,0.846518,0.923749,0.932801
2021-07-21,7.0,0.853278,0.032171,0.803466,0.812706,0.857579,0.894197,0.90555
2021-07-22,7.0,0.850093,0.033546,0.802642,0.806842,0.857906,0.885865,0.889525
2021-07-23,7.0,0.857043,0.042503,0.799266,0.804619,0.847529,0.90996,0.915749
2021-07-24,7.0,0.875229,0.050503,0.815002,0.817248,0.872272,0.937365,0.944901
2021-07-25,7.0,0.903466,0.052117,0.839118,0.840553,0.907727,0.965063,0.973442
2021-07-26,7.0,0.933426,0.047189,0.867111,0.870581,0.947973,0.980316,0.984337
2021-07-27,7.0,0.963273,0.03963,0.899885,0.905706,0.981007,0.998484,1.001143
2021-07-28,7.0,0.990097,0.030701,0.937229,0.945627,1.000351,1.023802,1.032338
2021-07-29,7.0,1.010688,0.022284,0.978573,0.984077,1.008501,1.041044,1.045688
2021-07-30,7.0,1.023286,0.021444,0.996251,0.998891,1.021166,1.054157,1.059721
2021-07-31,7.0,1.026582,0.023652,0.993006,0.998812,1.024845,1.058151,1.060365
2021-08-01,7.0,1.020932,0.019495,0.989757,0.993948,1.021418,1.043659,1.045928
2021-08-02,7.0,1.011046,0.015653,0.986496,0.989111,1.013956,1.025963,1.026639
2021-08-03,7.0,0.998665,0.011449,0.984268,0.985014,0.995676,1.013413,1.014496
2021-08-04,7.0,0.987279,0.008592,0.977542,0.978296,0.984828,0.999207,0.999848
2021-08-05,7.0,0.977833,0.012694,0.959619,0.960466,0.983882,0.991153,0.993592
2021-08-06,7.0,0.969786,0.021644,0.941563,0.941766,0.971859,0.996083,0.998878
2021-08-07,7.0,0.963635,0.031138,0.923131,0.924047,0.969666,1.00154,1.004203
2021-08-08,7.0,0.962391,0.035314,0.910889,0.918751,0.96743,1.007029,1.009547
2021-08-09,7.0,0.968379,0.031781,0.931089,0.933899,0.965147,1.012528,1.014889
2021-08-10,7.0,0.978907,0.027775,0.941956,0.948213,0.970993,1.016938,1.01867
2021-08-11,7.0,0.989085,0.029043,0.957418,0.958318,0.989244,1.021381,1.023073
2021-08-12,7.0,0.998606,0.038002,0.95982,0.960118,1.006424,1.051347,1.067344
2021-08-13,7.0,1.009981,0.05022,0.960555,0.963546,0.999682,1.086403,1.111754
2021-08-14,7.0,1.022559,0.062562,0.970869,0.974678,1.004749,1.121171,1.154811
2021-08-15,7.0,1.03005,0.069838,0.983368,0.984257,1.000183,1.138109,1.182187
2021-08-16,7.0,1.025781,0.051537,0.97965,0.984449,1.010681,1.105512,1.133404
2021-08-17,7.0,1.018177,0.033885,0.974111,0.979212,1.013922,1.06627,1.079984
2021-08-18,7.0,1.011911,0.024022,0.975645,0.978703,1.022578,1.036513,1.03829
2021-08-19,7.0,1.005074,0.028307,0.976088,0.976787,0.993552,1.043842,1.047286
2021-08-20,7.0,0.9939,0.034892,0.946349,0.952108,0.983524,1.039917,1.044704
2021-08-21,7.0,0.97889,0.040274,0.90489,0.919884,0.984124,1.022057,1.028674
2021-08-22,7.0,0.965166,0.046847,0.869065,0.891538,0.985181,1.003494,1.0093
2021-08-23,7.0,0.956935,0.043112,0.870116,0.888914,0.969738,0.99036,0.990508
2021-08-24,7.0,0.94938,0.038747,0.878321,0.891175,0.967799,0.985505,0.991236
2021-08-25,7.0,0.940761,0.034095,0.887621,0.89498,0.95358,0.977022,0.981823
2021-08-26,7.0,0.935203,0.028686,0.898047,0.899821,0.934931,0.968586,0.97064
2021-08-27,7.0,0.934448,0.021532,0.909609,0.910701,0.935501,0.961014,0.961719
2021-08-28,7.0,0.936445,0.016039,0.914686,0.916968,0.93355,0.955799,0.958183
2021-08-29,7.0,0.937517,0.016975,0.91347,0.916379,0.936178,0.959932,0.965869
2021-08-30,7.0,0.936389,0.026128,0.912214,0.91253,0.928839,0.976127,0.982254
2021-08-31,7.0,0.93582,0.037439,0.908631,0.909316,0.917988,0.993484,0.999216
2021-09-01,7.0,0.935206,0.047364,0.903092,0.903578,0.909573,1.006276,1.009346
2021-09-02,7.0,0.92742,0.047014,0.887395,0.891347,0.905246,1.000849,1.01107
2021-09-03,7.0,0.912,0.035608,0.87069,0.878336,0.897593,0.966704,0.97872
2021-09-04,7.0,0.895079,0.024349,0.857485,0.866392,0.892398,0.928241,0.940143
2021-09-05,7.0,0.88224,0.012629,0.861328,0.864796,0.885376,0.897285,0.901751
2021-09-06,7.0,0.873543,0.026515,0.820124,0.832824,0.880948,0.896976,0.897447
2021-09-07,7.0,0.868502,0.054185,0.77559,0.789255,0.878584,0.921276,0.921815
2021-09-08,7.0,0.868908,0.084215,0.738301,0.749765,0.901091,0.948796,0.950472
2021-09-09,7.0,0.88261,0.099358,0.739074,0.749693,0.930805,0.978537,0.981445
2021-09-10,7.0,0.91278,0.097475,0.774434,0.789171,0.963538,1.009969,1.014157
2021-09-11,7.0,0.956782,0.082285,0.837121,0.845645,0.998716,1.038975,1.042955
2021-09-12,7.0,1.003804,0.057378,0.917286,0.919761,1.03212,1.051229,1.055064
2021-09-13,7.0,1.051075,0.043511,0.994967,1.000609,1.053097,1.112339,1.129163
2021-09-14,7.0,1.095657,0.0725,1.031552,1.036132,1.071334,1.206975,1.243348
2021-09-15,7.0,1.129419,0.114228,1.026428,1.030736,1.083794,1.298841,1.326393
2021-09-16,7.0,1.136385,0.126501,1.021432,1.025389,1.059361,1.299976,1.318196
2021-09-17,7.0,1.118926,0.118515,1.016544,1.019485,1.036587,1.275591,1.282703
2021-09-18,7.0,1.087537,0.092941,1.01384,1.014187,1.023865,1.218751,1.230253
2021-09-19,7.0,1.060599,0.068351,0.994197,0.999076,1.02376,1.161479,1.17229
2021-09-20,7.0,1.040547,0.050351,0.97384,0.984088,1.035746,1.112803,1.123316
2021-09-21,7.0,1.028747,0.044377,0.961851,0.964948,1.045466,1.073192,1.080511
2021-09-22,7.0,1.02789,0.048796,0.94019,0.958298,1.041929,1.07401,1.074513
2021-09-23,7.0,1.040604,0.05326,0.978169,0.978472,1.050286,1.103095,1.10772
2021-09-24,7.0,1.065256,0.058458,0.981139,0.989451,1.081237,1.131663,1.141266
2021-09-25,7.0,1.099392,0.056057,1.011909,1.023584,1.092936,1.166252,1.172645
2021-09-26,7.0,1.135188,0.054072,1.053408,1.065394,1.139202,1.200477,1.20119
2021-09-27,7.0,1.168904,0.05518,1.095348,1.106341,1.147811,1.237635,1.241987
2021-09-28,7.0,1.200179,0.059114,1.136406,1.140534,1.174717,1.270335,1.276391
2021-09-29,7.0,1.224581,0.059687,1.160942,1.162665,1.211085,1.289178,1.290408
2021-09-30,7.0,1.24003,0.055477,1.166249,1.170804,1.24039,1.298352,1.30169
2021-10-01,7.0,1.249296,0.053015,1.170767,1.177844,1.248375,1.310115,1.317481
2021-10-02,7.0,1.253879,0.052062,1.174543,1.184025,1.251765,1.318449,1.329065
2021-10-03,7.0,1.257289,0.050551,1.178661,1.191082,1.253855,1.323762,1.336909
2021-10-04,7.0,1.2589,0.045019,1.188017,1.201316,1.254817,1.319742,1.331896
2021-10-05,7.0,1.251424,0.027749,1.196954,1.21058,1.254641,1.280762,1.283776
2021-10-06,7.0,1.239972,0.019967,1.204456,1.208726,1.249015,1.254514,1.25474
2021-10-07,7.0,1.230875,0.032298,1.172942,1.184241,1.253581,1.2556,1.256284
2021-10-08,7.0,1.223848,0.048851,1.133789,1.149374,1.253663,1.260073,1.260548
2021-10-09,7.0,1.21808,0.064639,1.099393,1.117743,1.258802,1.263169,1.263247
2021-10-10,7.0,1.212336,0.078533,1.068445,1.089414,1.262441,1.2656,1.26617
2021-10-11,7.0,1.208765,0.088628,1.048566,1.069537,1.260822,1.267256,1.267708
2021-10-12,7.0,1.213171,0.082062,1.081308,1.088976,1.258581,1.267959,1.268061
2021-10-13,7.0,1.222952,0.065089,1.12227,1.125792,1.255835,1.267867,1.268061
2021-10-14,7.0,1.229078,0.045888,1.161505,1.162768,1.252688,1.265759,1.267401
2021-10-15,7.0,1.230274,0.029433,1.19473,1.195676,1.234098,1.263144,1.263673
2021-10-16,7.0,1.227006,0.024925,1.18902,1.194347,1.230514,1.259017,1.266478
2021-10-17,7.0,1.219614,0.03637,1.170234,1.174106,1.212533,1.261688,1.262919
2021-10-18,7.0,1.207457,0.048799,1.153553,1.156212,1.184117,1.271814,1.276191
2021-10-19,7.0,1.189806,0.053374,1.1386,1.140226,1.162435,1.265301,1.269971
2021-10-20,7.0,1.168049,0.047692,1.126364,1.12671,1.144048,1.235612,1.237987
2021-10-21,7.0,1.149579,0.040733,1.115736,1.116412,1.127552,1.207801,1.209016
2021-10-22,7.0,1.136456,0.033618,1.100265,1.104917,1.123455,1.186408,1.190601
2021-10-23,7.0,1.128386,0.028304,1.08814,1.094464,1.123454,1.167599,1.174331
2021-10-24,7.0,1.125469,0.022966,1.095086,1.096917,1.129972,1.154692,1.15983
2021-10-25,7.0,1.126164,0.020388,1.100213,1.103234,1.117511,1.149936,1.150926
2021-10-26,7.0,1.128363,0.02361,1.095514,1.099248,1.132722,1.155996,1.158216
2021-10-27,7.0,1.133137,0.024832,1.1003,1.103493,1.136223,1.162638,1.164593
2021-10-28,7.0,1.138193,0.025209,1.107764,1.109847,1.131483,1.166872,1.16792
2021-10-29,7.0,1.140691,0.023942,1.114668,1.115937,1.127702,1.169749,1.1706
2021-10-30,7.0,1.140249,0.021306,1.121003,1.121504,1.1331,1.171072,1.176601
2021-10-31,7.0,1.136348,0.013907,1.119008,1.121122,1.137407,1.15585,1.159435
2021-11-01,7.0,1.132597,0.009743,1.115442,1.119321,1.13196,1.143677,1.144993
2021-11-02,7.0,1.12906,0.012364,1.112645,1.114873,1.128867,1.146451,1.151285
2021-11-03,7.0,1.124418,0.017175,1.108361,1.108877,1.120694,1.149628,1.156805
2021-11-04,7.0,1.11901,0.021835,1.094311,1.09767,1.11315,1.15139,1.161583
2021-11-05,7.0,1.113967,0.02624,1.081323,1.087001,1.10623,1.152467,1.165655
2021-11-06,7.0,1.109727,0.029744,1.072251,1.079229,1.103085,1.153204,1.169064
2021-11-07,7.0,1.107862,0.028716,1.081647,1.08447,1.100961,1.151656,1.16905
2021-11-08,7.0,1.104076,0.022494,1.08686,1.087633,1.097916,1.138789,1.152721
2021-11-09,7.0,1.099091,0.01807,1.082894,1.083386,1.09495,1.12632,1.135538
2021-11-10,7.0,1.092155,0.018577,1.075467,1.076569,1.079956,1.118624,1.120038
2021-11-11,7.0,1.083243,0.023767,1.055287,1.060108,1.075527,1.119309,1.125047
2021-11-12,7.0,1.072958,0.031822,1.036335,1.042083,1.063246,1.121646,1.133943
2021-11-13,7.0,1.061228,0.038482,1.018286,1.023745,1.055554,1.119742,1.136371
2021-11-14,7.0,1.045095,0.034858,1.000863,1.006119,1.046435,1.094902,1.106241
2021-11-15,7.0,1.02798,0.030856,0.983822,0.988948,1.034868,1.06664,1.074084
2021-11-16,7.0,1.011584,0.027323,0.971333,0.975079,1.023744,1.040242,1.044642
2021-11-17,7.0,1.000076,0.019274,0.971293,0.975063,1.011526,1.018006,1.018397
2021-11-18,7.0,0.994,0.011942,0.973812,0.977279,0.993641,1.006596,1.007498
2021-11-19,7.0,0.992463,0.019115,0.965134,0.968414,0.992898,1.018119,1.023973
2021-11-20,7.0,0.992929,0.035239,0.942994,0.947665,0.988639,1.037687,1.043575
2021-11-21,7.0,0.996528,0.048528,0.940634,0.941053,0.985233,1.057173,1.063007
2021-11-22,7.0,1.001384,0.060954,0.931843,0.934777,0.981805,1.07629,1.081986
2021-11-23,7.0,1.004533,0.071766,0.922397,0.928479,0.978344,1.088066,1.090671
2021-11-24,7.0,0.998086,0.073041,0.912517,0.920451,0.974842,1.088059,1.090679
2021-11-25,7.0,0.981472,0.066724,0.902118,0.9091,0.971289,1.076287,1.090173
2021-11-26,7.0,0.956369,0.050877,0.891102,0.89716,0.946186,1.02816,1.043443
2021-11-27,7.0,0.929382,0.039958,0.879355,0.884472,0.943972,0.979904,0.992173
2021-11-28,7.0,0.901316,0.037586,0.848142,0.854354,0.896414,0.941586,0.943736
2021-11-29,7.0,0.874449,0.044012,0.797476,0.812676,0.870521,0.92297,0.925303
2021-11-30,7.0,0.849366,0.057393,0.75121,0.76509,0.860714,0.909415,0.913566
2021-12-01,7.0,0.831606,0.063206,0.751209,0.751921,0.857016,0.895171,0.901245
2021-12-02,7.0,0.822935,0.062556,0.751237,0.751941,0.85309,0.887348,0.888209
2021-12-03,7.0,0.823823,0.054026,0.753631,0.757956,0.842916,0.886439,0.891639
2021-12-04,7.0,0.830926,0.044903,0.768115,0.773873,0.844169,0.887575,0.898666
2021-12-05,7.0,0.842658,0.037091,0.787398,0.794799,0.842911,0.891843,0.904423
2021-12-06,7.0,0.856012,0.02875,0.812184,0.819416,0.856071,0.892896,0.898351
2021-12-07,7.0,0.872585,0.026503,0.843054,0.843124,0.870333,0.909405,0.917806
2021-12-08,7.0,0.886117,0.025129,0.853506,0.859174,0.880339,0.921355,0.922875
2021-12-09,7.0,0.894638,0.025341,0.865461,0.86708,0.882396,0.922638,0.922876
2021-12-10,7.0,0.897916,0.024712,0.860269,0.865959,0.89252,0.922638,0.922875
2021-12-11,7.0,0.89966,0.025979,0.848773,0.862263,0.89663,0.921694,0.921873
2021-12-12,7.0,0.901549,0.028906,0.839705,0.857163,0.912377,0.920724,0.920841
2021-12-13,7.0,0.906413,0.025985,0.851724,0.866797,0.918743,0.926514,0.929401
2021-12-14,7.0,0.910602,0.020156,0.869748,0.880761,0.918682,0.929403,0.933885
2021-12-15,7.0,0.916116,0.014173,0.890523,0.896781,0.917552,0.933173,0.936297
2021-12-16,7.0,0.92354,0.009769,0.914019,0.91484,0.917672,0.937548,0.938858
2021-12-17,7.0,0.93299,0.009178,0.922576,0.922633,0.93449,0.943043,0.943675
2021-12-18,7.0,0.943617,0.013896,0.928342,0.929203,0.943675,0.963907,0.968408
2021-12-19,7.0,0.953754,0.020032,0.931423,0.934192,0.947438,0.984267,0.993112
2021-12-20,7.0,0.959453,0.017094,0.934183,0.938772,0.958012,0.982408,0.985887
2021-12-21,7.0,0.963246,0.016541,0.937119,0.939441,0.969967,0.979634,0.981925
2021-12-22,7.0,0.963696,0.01808,0.938942,0.939329,0.969403,0.982254,0.982395
2021-12-23,7.0,0.960171,0.021518,0.932801,0.936017,0.953461,0.988401,0.990386
2021-12-24,7.0,0.951346,0.022395,0.926403,0.928906,0.946987,0.984439,0.99069
2021-12-25,7.0,0.937268,0.018338,0.919709,0.920001,0.937285,0.962707,0.968849
2021-12-26,7.0,0.920754,0.014054,0.903439,0.905516,0.919425,0.940584,0.942442
2021-12-27,7.0,0.906826,0.013546,0.885324,0.887744,0.909523,0.920685,0.921474
2021-12-28,7.0,0.897681,0.026634,0.866145,0.868381,0.888373,0.932354,0.93272
2021-12-29,7.0,0.896658,0.045356,0.837116,0.843868,0.889954,0.957422,0.962698
2021-12-30,7.0,0.905345,0.068912,0.81598,0.81986,0.908503,0.984251,0.994818
2021-12-31,7.0,0.927269,0.086246,0.807074,0.821272,0.956805,1.022946,1.028422
2022-01-01,7.0,0.965259,0.091586,0.844222,0.848347,0.990673,1.065614,1.066856
2022-01-02,7.0,1.018332,0.083755,0.896212,0.907858,1.008662,1.116279,1.124617
2022-01-03,7.0,1.078208,0.072125,0.969467,0.986332,1.083984,1.164266,1.180946
2022-01-04,7.0,1.135473,0.061788,1.052368,1.057104,1.12559,1.211462,1.22454
2022-01-05,7.0,1.183,0.061405,1.098477,1.105371,1.211936,1.247551,1.255971
2022-01-06,7.0,1.217371,0.082086,1.117573,1.120605,1.211936,1.322756,1.324836
2022-01-07,7.0,1.23177,0.098464,1.113921,1.126288,1.192755,1.365472,1.38879
2022-01-08,7.0,1.223455,0.093207,1.110481,1.125577,1.180353,1.353998,1.365809
2022-01-09,7.0,1.200508,0.071528,1.107233,1.119255,1.198798,1.300995,1.318341
2022-01-10,7.0,1.176281,0.053008,1.105448,1.114345,1.181546,1.248573,1.266311
2022-01-11,7.0,1.15645,0.037705,1.111267,1.115714,1.1563,1.210584,1.223594
2022-01-12,7.0,1.141438,0.026625,1.117841,1.119734,1.129936,1.182471,1.187633
2022-01-13,7.0,1.130699,0.024194,1.090205,1.098353,1.129936,1.160073,1.161521
2022-01-14,7.0,1.124988,0.028121,1.065383,1.082324,1.129553,1.149412,1.153392
2022-01-15,7.0,1.125379,0.025054,1.077085,1.086021,1.134162,1.145465,1.145942
2022-01-16,7.0,1.127605,0.022899,1.094135,1.094456,1.137326,1.146927,1.148031
2022-01-17,7.0,1.127951,0.023868,1.085834,1.093186,1.139376,1.150242,1.15119
2022-01-18,7.0,1.124756,0.027571,1.077074,1.084355,1.125535,1.150305,1.15119
2022-01-19,7.0,1.116001,0.032018,1.06884,1.073653,1.113437,1.150424,1.15136
2022-01-20,7.0,1.101875,0.037419,1.061057,1.063632,1.089715,1.151501,1.152362
2022-01-21,7.0,1.082492,0.040076,1.044652,1.047355,1.074964,1.144153,1.156851
2022-01-22,7.0,1.058392,0.033773,1.014108,1.022436,1.047809,1.108098,1.120905
2022-01-23,7.0,1.036583,0.030845,0.984974,0.993714,1.045205,1.072798,1.082862
2022-01-24,7.0,1.01831,0.035582,0.956564,0.965087,1.035756,1.050896,1.05195
2022-01-25,7.0,1.001892,0.045263,0.932734,0.939883,1.016493,1.050866,1.054483
2022-01-26,7.0,0.990295,0.051593,0.932734,0.933567,0.986121,1.054522,1.056917
2022-01-27,7.0,0.983961,0.055696,0.932598,0.933472,0.956572,1.058051,1.059248
2022-01-28,7.0,0.982865,0.05766,0.931807,0.932877,0.95122,1.061444,1.061474
2022-01-29,7.0,0.985996,0.05552,0.934574,0.937111,0.959705,1.065125,1.067246
2022-01-30,7.0,0.986454,0.047863,0.942366,0.944996,0.96856,1.059337,1.068079
2022-01-31,7.0,0.983003,0.03289,0.950615,0.953324,0.96856,1.0334,1.041028
2022-02-01,7.0,0.980157,0.017978,0.959289,0.961261,0.97774,1.005776,1.011176
2022-02-02,7.0,0.976013,0.007855,0.96498,0.96599,0.97774,0.984512,0.985323
2022-02-03,7.0,0.969942,0.013947,0.94947,0.951041,0.976428,0.984293,0.985351
2022-02-04,7.0,0.961747,0.024716,0.926843,0.92703,0.970974,0.984416,0.985515
2022-02-05,7.0,0.952054,0.033844,0.898451,0.901571,0.965438,0.980342,0.98201
2022-02-06,7.0,0.946067,0.037586,0.874807,0.886453,0.961233,0.974901,0.976577
2022-02-07,7.0,0.945746,0.030606,0.885922,0.897058,0.959797,0.969395,0.971086
2022-02-08,7.0,0.947503,0.021751,0.904898,0.913391,0.954026,0.965238,0.965513
2022-02-09,7.0,0.952117,0.014052,0.926002,0.93143,0.954027,0.966755,0.969098
2022-02-10,7.0,0.959903,0.010668,0.949075,0.949492,0.955644,0.974682,0.975088
2022-02-11,7.0,0.970908,0.012565,0.950439,0.953692,0.973851,0.986134,0.989407
2022-02-12,7.0,0.984697,0.014724,0.961256,0.965405,0.983366,1.002865,1.004108
2022-02-13,7.0,0.99806,0.017861,0.975061,0.978765,0.989405,1.021858,1.023067
2022-02-14,7.0,1.008512,0.016933,0.989388,0.990925,1.004108,1.030711,1.034029
2022-02-15,7.0,1.020414,0.016511,1.001707,1.002424,1.019036,1.044441,1.0489
2022-02-16,7.0,1.03267,0.019607,1.00896,1.010825,1.034033,1.059057,1.063407
2022-02-17,7.0,1.044809,0.025112,1.011377,1.012833,1.048905,1.073251,1.07747
2022-02-18,7.0,1.056675,0.031666,1.007628,1.012382,1.063408,1.089136,1.090963
2022-02-19,7.0,1.068366,0.038275,1.003917,1.012449,1.077467,1.105818,1.1067
2022-02-20,7.0,1.081841,0.041739,1.006217,1.019763,1.090954,1.123889,1.127373
2022-02-21,7.0,1.099793,0.033708,1.0452,1.053186,1.103747,1.139011,1.144208
2022-02-22,7.0,1.11563,0.021212,1.091135,1.091301,1.115743,1.142304,1.145577
2022-02-23,7.0,1.128071,0.01181,1.110676,1.112194,1.127706,1.142026,1.144409
2022-02-24,7.0,1.137087,0.020188,1.119034,1.12138,1.128538,1.168702,1.179636
2022-02-25,7.0,1.142675,0.035875,1.111035,1.113445,1.13464,1.19702,1.219284
2022-02-26,7.0,1.144667,0.051544,1.103622,1.105865,1.127707,1.22492,1.25438
2022-02-27,7.0,1.140648,0.060173,1.096725,1.098821,1.119067,1.232938,1.271347
2022-02-28,7.0,1.125087,0.041828,1.090282,1.092249,1.111097,1.188991,1.213247
2022-03-01,7.0,1.10511,0.024033,1.081695,1.084312,1.096804,1.14238,1.154447
2022-03-02,7.0,1.084196,0.019902,1.05549,1.056512,1.090377,1.103535,1.104385
2022-03-03,7.0,1.062299,0.027374,1.019657,1.024334,1.060227,1.090251,1.090418
2022-03-04,7.0,1.039065,0.035868,0.985819,0.993922,1.0351,1.080978,1.081829
2022-03-05,7.0,1.014267,0.041841,0.95303,0.961779,1.012547,1.064456,1.066839
2022-03-06,7.0,0.98887,0.045374,0.92046,0.929055,0.990806,1.041284,1.043934
2022-03-07,7.0,0.967362,0.045323,0.892372,0.905679,0.9695,1.018108,1.020492
2022-03-08,7.0,0.950967,0.037584,0.893809,0.903896,0.948282,0.995871,0.998042
2022-03-09,7.0,0.936458,0.028833,0.900859,0.90493,0.928014,0.974172,0.976175
2022-03-10,7.0,0.923167,0.021142,0.900566,0.902669,0.91436,0.952648,0.954519
2022-03-11,7.0,0.9109,0.017004,0.885914,0.889193,0.914381,0.931311,0.932724
2022-03-12,7.0,0.89957,0.019575,0.870289,0.874833,0.901061,0.922777,0.926385
2022-03-13,7.0,0.889351,0.026605,0.85347,0.859238,0.886981,0.925811,0.936326
2022-03-14,7.0,0.879481,0.033843,0.835191,0.841684,0.872246,0.927325,0.943802
2022-03-15,7.0,0.866858,0.035707,0.818933,0.825139,0.871245,0.915981,0.932682
2022-03-16,7.0,0.856618,0.032749,0.823842,0.824137,0.856834,0.903691,0.918007
2022-03-17,7.0,0.849519,0.028278,0.822358,0.823361,0.839619,0.892705,0.902702
2022-03-18,7.0,0.845971,0.023819,0.823842,0.824321,0.835375,0.881164,0.886578
2022-03-19,7.0,0.846172,0.021112,0.8215,0.822761,0.839045,0.868917,0.869416
2022-03-20,7.0,0.849807,0.021153,0.82298,0.825597,0.847856,0.880023,0.885517
2022-03-21,7.0,0.855221,0.026862,0.828118,0.829582,0.853499,0.895149,0.906902
2022-03-22,7.0,0.862624,0.032268,0.826272,0.828738,0.866442,0.908124,0.924315
2022-03-23,7.0,0.86591,0.027912,0.821238,0.827537,0.869827,0.898251,0.904274
2022-03-24,7.0,0.869145,0.028891,0.815859,0.826542,0.871306,0.899362,0.899839
2022-03-25,7.0,0.873163,0.03813,0.810097,0.821486,0.873106,0.917212,0.917249
2022-03-26,7.0,0.877858,0.052756,0.803908,0.807821,0.875254,0.937411,0.937869
2022-03-27,6.0,0.870753,0.068849,0.782831,0.786433,0.883454,0.949532,0.960293
2022-03-28,5.0,0.851392,0.080809,0.744693,0.753761,0.880707,0.930113,0.936344
2022-03-29,4.0,0.82262,0.100359,0.70123,0.713377,0.833138,0.917139,0.922975
