date,mean,mean_se,mean_ci_lower,mean_ci_upper,obs_ci_lower,obs_ci_upper
2021-01-01,0.9334680429159892,0.025384113099110917,0.8833462339244502,0.9835898519075281,0.7162339394464208,1.1507021463855576
2021-01-02,0.9371969032971933,0.022908369024495025,0.8919635365819448,0.9824302700124418,0.7210383563043923,1.1533554502899943
2021-01-03,0.9320993505054793,0.02238677273476739,0.8878958936989343,0.9763028073120243,0.7161539741546741,1.1480447268562846
2021-01-04,0.9270910145671932,0.024273112400559904,0.8791629148687393,0.9750191142656471,0.7103525484049825,1.143829480729404
2021-01-05,0.9244967420292162,0.025909082053637445,0.8733383636857156,0.9756551203727167,0.7070211350099931,1.1419723490484393
2021-01-06,0.9251087495120969,0.02349951788690225,0.8787081389285496,0.9715093600956441,0.7087029348116392,1.1415145642125546
2021-01-07,0.9376791066513708,0.019240581007167572,0.899687914193232,0.9756702991095095,0.7229192624578293,1.1524389508449122
2021-01-08,0.9443040825602859,0.017704235141869747,0.9093464581336453,0.9792617069869264,0.7300600733577018,1.1585480917628699
2021-01-09,0.9399051049750485,0.015587038264997317,0.909127958985679,0.9706822509644181,0.726303389886209,1.153506820063888
2021-01-10,0.9359231501628074,0.014137124741167397,0.9080089085582358,0.9638373917673789,0.7227151182831401,1.1491311820424746
2021-01-11,0.9391730776736239,0.012004917332148412,0.9154689533210487,0.9628772020261991,0.7264752979838369,1.1518708573634109
2021-01-12,0.9256948380208538,0.012395204001267902,0.901220079145608,0.9501695968960997,0.712909796733539,1.1384798793081685
2021-01-13,0.9367283525576641,0.012242878346696205,0.9125543659541594,0.9609023391611687,0.7239776966198991,1.1494790084954292
2021-01-14,0.9324299953940407,0.010364034629872386,0.9119658506720274,0.952894140116054,0.7200688850351844,1.144791105752897
2021-01-15,0.9290197634440317,0.010300816763253489,0.908680444585469,0.9493590823025944,0.7166706455620091,1.1413688813260543
2021-01-16,0.9227890380067756,0.012083573341971032,0.898929604643207,0.9466484713703441,0.7100738938959874,1.1355041821175638
2021-01-17,0.9184727531970152,0.014550132207924154,0.8897430140692473,0.947202492324783,0.7051564202921191,1.131789086101911
2021-01-18,0.9072460682624455,0.01730177914523607,0.8730831071164172,0.9414090294084737,0.6931302867611562,1.1213618497637348
2021-01-19,0.9115321627819555,0.017876767375807498,0.8762338674939558,0.9468304580699551,0.69723230365022,1.1258320219136908
2021-01-20,0.9097329767013813,0.018745254948770083,0.872719822671869,0.9467461307308936,0.6951439892279901,1.1243219641747724
2021-01-21,0.9198463374000797,0.01837865995959497,0.8835570378520279,0.9561356369481315,0.7053810179767961,1.1343116568233633
2021-01-22,0.9187726511123201,0.0164199641349113,0.8863508641936836,0.9511944380309566,0.7049277721915466,1.1326175300330936
2021-01-23,0.9168563389131067,0.014106561938603861,0.8890024446189319,0.9447102332072815,0.7036561996050053,1.1300564782212081
2021-01-24,0.9319339059825582,0.01183546832881835,0.908564364545902,0.9553034474192145,0.7192731539839762,1.1445946579811404
2021-01-25,0.9526493406450863,0.009812696678433994,0.9332738317711677,0.9720248495190049,0.7403903707103245,1.1649083105798481
2021-01-26,0.9668959227098712,0.010083473008233167,0.9469857566104418,0.9868060888093007,0.7545874803724322,1.1792043650473103
2021-01-27,0.9583374447805029,0.01222804625452085,0.9341927446558307,0.982482144905175,0.7455901145557662,1.1710847750052396
2021-01-28,0.9513003844141225,0.0137604068487164,0.9241299853135376,0.9784707835147073,0.7381884641446831,1.164412304683562
2021-01-29,0.9445247175930653,0.015288016470510061,0.9143380004758443,0.9747114347102863,0.7310072760011477,1.158042159184983
2021-01-30,0.940910473773213,0.016841415080355207,0.9076565173907719,0.9741644301556541,0.7269378456435195,1.1548831019029064
2021-01-31,0.9326769232914427,0.018319801809806552,0.8965038411952188,0.9688500053876666,0.7182312382288073,1.147122608354078
2021-02-01,0.9234417109054359,0.018967854914660007,0.8859890255466905,0.9608943962641814,0.7087764747487074,1.1381069470621643
2021-02-02,0.9247650186853509,0.01728014234205512,0.8906447801553143,0.9588852572153874,0.7106560495808563,1.1388739877898455
2021-02-03,0.9283969905419773,0.014658169632841594,0.8994539277832239,0.9573400533007308,0.7150518221985157,1.1417421588854388
2021-02-04,0.9394087348124406,0.013375289346214136,0.9129987635363124,0.9658187060885688,0.7263924289660366,1.1524250406588445
2021-02-05,0.9490888725724789,0.014103120949321755,0.9212417726306167,0.9769359725143411,0.7358896208176594,1.1622881243272982
2021-02-06,0.9592340267384589,0.015237600175450478,0.9291468583390194,0.9893211951378984,0.7457306364235998,1.172737417053318
2021-02-07,0.9703739311675406,0.0165443611029707,0.9377065181343396,1.0030413442007415,0.7564916741943999,1.1842561881406812
2021-02-08,0.9922980330374518,0.018125775115909057,0.9565080633569667,1.0280880027179369,0.7779166394806114,1.2066794265942922
2021-02-09,1.0471909214521802,0.018519917411080878,1.0106227041820726,1.0837591387222878,0.8326782307134815,1.261703612190879
2021-02-10,1.0871556195858978,0.019812759618586518,1.048034640675949,1.1262765984958465,0.8721930392038335,1.302118199967962
2021-02-11,1.130164197383199,0.021567556346395133,1.0875783116606,1.1727500831057982,0.9145441203114637,1.3457842744549344
2021-02-12,1.152757555315112,0.023793900242296426,1.1057756765923181,1.1997394340379057,0.9362263637930447,1.369288746837179
2021-02-13,1.106528688796083,0.02072324363982135,1.0656099277054452,1.1474474498867209,0.891231673064709,1.321825704527457
2021-02-14,1.0756343975351805,0.01800177827600897,1.0400892639023747,1.1111795311679864,0.8612937422720763,1.2899750527982847
2021-02-15,1.0485629938668948,0.016497358136685552,1.0159883898157915,1.081137597917998,0.8346948924521934,1.262431095281596
2021-02-16,1.03867133676205,0.015998596939544283,1.0070815539397955,1.0702611195843044,0.8249510187003364,1.2523916548237635
2021-02-17,1.0209479649780668,0.01642500302766218,0.9885162285914697,1.053379701364664,0.8071015773567358,1.2347943525993978
2021-02-18,0.9976639056821248,0.01702565693189616,0.9640461573934971,1.0312816539707526,0.7836344381463661,1.2116933732178834
2021-02-19,0.9922978856079309,0.018617161821944426,0.9555376558862648,1.0290581153295968,0.7777523788667444,1.2068433923491173
2021-02-20,0.9795890459489849,0.021043261717054396,0.9380383980999527,1.021139693798017,0.7641710422670338,1.195007049630936
2021-02-21,0.9798673791693044,0.021600332176483064,0.9372167764369445,1.0225179819016645,0.7642345108790635,1.1955002474595455
2021-02-22,0.9838914333062427,0.020981402422217035,0.9424629287737047,1.0253199378387807,0.7684969557506532,1.1992859108618323
2021-02-23,0.9882202789475292,0.018845599465880523,0.9510089911994851,1.0254315666955733,0.7735970278550379,1.2028435300400204
2021-02-24,1.023992571113876,0.018081630449862867,0.9882897666028386,1.0596953756249134,0.8096257121463664,1.2383594300813856
2021-02-25,1.0515604053578294,0.01747122503969628,1.0170628674344533,1.0860579432812054,0.8373909862139712,1.2657298245016875
2021-02-26,1.0764368896752732,0.01696075706915447,1.042947288409597,1.1099264909409494,0.8624275128559926,1.2904462664945537
2021-02-27,1.0883757283951916,0.018071557508270813,1.0526928132556082,1.124058643534775,0.8740121811057759,1.3027392756846072
2021-02-28,1.1036150021630802,0.01800697467694376,1.0680596080569584,1.139170396269202,0.8892726451178978,1.3179573592082625
2021-03-01,1.1136328172344006,0.015662630530672985,1.0827064117027874,1.1445592227660137,0.9000095447832264,1.3272560896855747
2021-03-02,1.1083659497416731,0.011477132967992666,1.0857039538647177,1.1310279456186285,0.895781787512287,1.3209501119710594
2021-03-03,1.1070240494511945,0.01035028772364448,1.0865870484708393,1.1274610504315496,0.8946655530760462,1.3193825458263428
2021-03-04,1.0869178146973046,0.012490504056886998,1.0622548825671583,1.111580746827451,0.8741110474296752,1.2997245819649341
2021-03-05,1.0781090907375321,0.015314213365753277,1.0478706469448733,1.108347534530191,0.864584329979805,1.2916338514952592
2021-03-06,1.0636504555773945,0.01613423346757866,1.0317928537407877,1.0955080574140013,0.8498903873503689,1.27741052380442
2021-03-07,1.0551467963042758,0.017259120170458934,1.0210680667789154,1.0892255258296362,0.8410444381208464,1.2692491544877051
2021-03-08,1.082630580950796,0.019940187359754367,1.0432579915599887,1.1220031703416031,0.8676220677031109,1.2976390941984808
2021-03-09,1.0956634465936972,0.020201325391323674,1.0557752311304862,1.1355516620569082,0.8805599140646325,1.3107669791227619
2021-03-10,1.0930248420300497,0.01918903019561247,1.0551354384317397,1.1309142456283596,0.8782829809999319,1.3077667030601674
2021-03-11,1.0935609082022562,0.016416169157278265,1.0611466145981707,1.1259752018063416,0.8797171652414328,1.3074046511630795
2021-03-12,1.081648975719383,0.013356078963726736,1.0552769360076915,1.1080210154310746,0.8686373693402989,1.2946605820984671
2021-03-13,1.0701454901011453,0.011129466624606394,1.0481699734400662,1.0921210067622245,0.8576334120769441,1.2826575681253467
2021-03-14,1.0810148310266865,0.012203372416011637,1.0569188502492697,1.1051108118041033,0.8682730244552737,1.2937566375980993
2021-03-15,1.0782633827056527,0.013762266701800922,1.0510893112608464,1.105437454150459,0.865150994204819,1.2913757712064864
2021-03-16,1.067219465201795,0.015036020478455597,1.0375303228838617,1.0969086075197283,0.8537718014872036,1.2806671289163865
2021-03-17,1.0642178596279974,0.015076279978249691,1.0344492235357141,1.0939864957202807,0.8507591243454197,1.2776765949105753
2021-03-18,1.0581932229006217,0.01555687760182371,1.027475630183519,1.0889108156177243,0.8446000805107579,1.2717863652904855
2021-03-19,1.0385481545633999,0.016662453852317398,1.0056475633134565,1.0714487458133433,0.8246301588775795,1.2524661502492203
2021-03-20,1.0142049930637163,0.014552735934629439,0.9854701127875427,1.0429398733398898,0.8008879676810037,1.2275220184464288
2021-03-21,1.002597766253314,0.012720222520767299,0.9774812470735244,1.0277142854331038,0.7897379543832677,1.2154575781233605
2021-03-22,0.9926796925780977,0.011927173548135668,0.9691290760151133,1.0162303091410823,0.7799989658675198,1.2053604192886758
2021-03-23,0.9742744627505682,0.011756924384462183,0.951060009047767,0.9974889164533693,0.7616306976541931,1.1869182278469432
2021-03-24,0.9614619941906011,0.011806840248069777,0.9381489798892232,0.984775008491979,0.7488074466035366,1.1741165417776656
2021-03-25,0.9668684334135589,0.011504452330638027,0.9441524945104699,0.9895843723166479,0.7542785139585393,1.1794583528685785
2021-03-26,0.9713089377620392,0.01116918842985315,0.949254989023085,0.9933628865009934,0.7587887348903516,1.1838291406337267
2021-03-27,0.9819919687554269,0.011487094195313368,0.9593103040907088,1.004673633420145,0.7694057088852144,1.1945782286256394
2021-03-28,0.9931347726740983,0.011712962624933949,0.970007122985501,1.0162624223626957,0.7805004665197026,1.205769078828494
2021-03-29,0.9979693203557249,0.010631094836633574,0.9769778560216275,1.0189607846898223,0.7855567464611165,1.2103818942503335
2021-03-30,0.9996173447419611,0.010211038971842536,0.9794552952366831,1.019779394247239,0.7872851328336025,1.2119495566503198
2021-03-31,1.0152258331702235,0.010285788149661922,0.9949161888288246,1.0355354775116226,0.8028795555317471,1.2275721108087
2021-04-01,1.031383543901245,0.010910461146728079,1.0098404611285376,1.0529266266739525,0.8189157477791162,1.243851340023374
2021-04-02,1.040088718448782,0.01189951501996171,1.016592714605994,1.0635847222915698,0.8274140322018684,1.2527634046956955
2021-04-03,1.0514394924482346,0.013071402238476495,1.02562955677349,1.0772494281229792,0.8384967472015903,1.264382237694879
2021-04-04,1.0441054751034105,0.012512927164607593,1.0193982677717717,1.0688126824350492,0.8312935720815837,1.2569173781252372
2021-04-05,1.030394898132603,0.0124517102937979,1.0058085656290034,1.0549812306362025,0.817596994666379,1.243192801598827
2021-04-06,1.00902282183548,0.013838518122828993,0.9816981893233959,1.036347454347564,0.7958911828994383,1.2221544607715218
2021-04-07,0.9966491207438103,0.013677335137678215,0.9696427496089456,1.023655491878675,0.7835580508804374,1.2097401906071832
2021-04-08,0.9859808719900428,0.012179904267002288,0.9619312298842763,1.0100305140958095,0.7732443089383232,1.1987174350417624
2021-04-09,0.9918712051712576,0.011239540887004035,0.9696783430731629,1.0140640672693524,0.7793365418766602,1.204405868465855
2021-04-10,0.99540085943976,0.010033946106424553,0.9755884859203865,1.0152132329591335,0.7831015657100964,1.2077001531694236
2021-04-11,0.9918597901560775,0.00952984553048294,0.9730427806536077,1.0106767996585473,0.779651072568277,1.204068507743878
2021-04-12,0.9946528500615932,0.009302499614973495,0.9762847429299757,1.0130209571932107,0.7824834664709314,1.2068222336522552
2021-04-13,0.9824975813387807,0.009493506732750226,0.9637523240488791,1.0012428386286822,0.7702952141406096,1.1946999485369518
2021-04-14,0.9788223205349101,0.010583802956090613,0.9579242356541018,0.9997204054157185,0.7664189544473448,1.1912256866224755
2021-04-15,0.9728348832014364,0.011165510799646543,0.9507881960704825,0.9948815703323903,0.7603154337689362,1.1853543326339366
2021-04-16,0.9620525110178664,0.011937656734180202,0.9384811950415719,0.9856238269941608,0.7493694912196297,1.1747355308161032
2021-04-17,0.9600677820278387,0.011450059841038657,0.9374592429761304,0.982676321079547,0.7474893117828596,1.1726462522728178
2021-04-18,0.9528064464518795,0.011448004774596569,0.9302019651999167,0.9754109277038423,0.7402284077312413,1.1653844851725177
2021-04-19,0.9306292221338761,0.011074558068408468,0.90876212431552,0.9524963199522323,0.7181283281577792,1.143130116109973
2021-04-20,0.920961146483664,0.011034324837733315,0.8991734905703741,0.9427488023969539,0.7084684126694493,1.1334538802978789
2021-04-21,0.9198971475557719,0.011922082810235752,0.8963565828307875,0.9434377122807563,0.7072175336732608,1.132576761438283
2021-04-22,0.9172925275241959,0.012213676545957348,0.8931762008859272,0.9414088541624646,0.7045484155394772,1.1300366395089145
2021-04-23,0.9122550581639371,0.012366355175670826,0.8878372622923055,0.9366728540355688,0.6994765612971919,1.1250335550306823
2021-04-24,0.9034735925746362,0.012393695352577415,0.8790018125783926,0.9279453725708798,0.6906888939005366,1.1162582912487358
2021-04-25,0.9049365568469585,0.012916422783977654,0.8794326334636686,0.9304404802302484,0.6920306854352393,1.1178424282586779
2021-04-26,0.9127468061357875,0.013491053492277305,0.8861082545506135,0.9393853577209615,0.699702039938167,1.125791572333408
2021-04-27,0.9169127717749321,0.014698567605187252,0.8878899418229879,0.9459356017268764,0.7035567673315083,1.1302687762183559
2021-04-28,0.9141332213155143,0.015902803373981148,0.8827325862006085,0.9455338564304202,0.7004407791017985,1.12782566352923
2021-04-29,0.915015673453418,0.015069950718974158,0.8852595347024139,0.9447718122044222,0.701558680672643,1.128472666234193
2021-04-30,0.9173862338346843,0.013554029361084107,0.890623334219107,0.9441491334502616,0.7043258837704918,1.1304465838988769
2021-05-01,0.8931826254354127,0.014353882066128152,0.864840388998137,0.9215248618726884,0.6799181362678317,1.1064471146029937
2021-05-02,0.8720713857015263,0.014324814445289465,0.8437865442866342,0.9003562271164184,0.6588145165800173,1.0853282548230352
2021-05-03,0.8645147804310558,0.01412439416379659,0.8366256757916735,0.8924038850704381,0.6513100381497705,1.077719522712341
2021-05-04,0.8564740466539436,0.014012587030390536,0.8288057090652984,0.8841423842425887,0.6432980703372815,1.0696500229706056
2021-05-05,0.8421956820730458,0.013991630588166456,0.814568723704159,0.8698226404419327,0.6290250724610287,1.055366291685063
2021-05-06,0.8287696449216819,0.014914426684029787,0.7993205937550515,0.8582186960883124,0.6153552438418635,1.0421840460015004
2021-05-07,0.8092519727754061,0.015332882555066091,0.778976666022946,0.8395272795278661,0.5957219885282321,1.02278195702258
2021-05-08,0.8115333015844173,0.01632219890381157,0.7793045554949034,0.8437620476739311,0.5977176051350097,1.0253489980338248
2021-05-09,0.8025530704407517,0.017697451429060637,0.7676088406896054,0.837497300191898,0.5883112464041185,1.016794894477385
2021-05-10,0.8009046134743316,0.0190199433501178,0.7633490776987727,0.8384601492498905,0.5862214090986001,1.0155878178500632
2021-05-11,0.7940960956629768,0.02000096385587718,0.7546035009791758,0.8335886903467777,0.5790655745537588,1.0091266167721946
2021-05-12,0.7860087124745622,0.0186338975698396,0.7492154374400244,0.8228019875090999,0.5714575412789474,1.0005598836701768
2021-05-13,0.7827974758294134,0.019068349365896006,0.7451463607020211,0.8204485909568057,0.5680975306874108,0.997497420971416
2021-05-14,0.7895799355623703,0.016639725199823496,0.7567242228226385,0.822435648302102,0.575668837595765,1.0034910335289755
2021-05-15,0.7957172510339672,0.015465286364930666,0.765180508380955,0.8262539936869794,0.5821500423489747,1.0092844597189596
2021-05-16,0.804183180831449,0.01484005086305259,0.7748809872949455,0.8334853743679526,0.590788995063201,1.017577366599697
2021-05-17,0.8004327644713661,0.016968402878317766,0.7669280662911366,0.8339374626515956,0.5864210246677024,1.0144445042750299
2021-05-18,0.8187114106533807,0.01648376257372253,0.7861636515114261,0.8512591697953353,0.6048473963854223,1.032575424921339
2021-05-19,0.8297337667713095,0.016065185384587913,0.7980125027619642,0.8614550307806548,0.6159939750525156,1.0434735584901034
2021-05-20,0.8324634228527273,0.016278172967326865,0.8003216074970367,0.864605238208418,0.6186608123260966,1.046266033379358
2021-05-21,0.834133553101056,0.015323603637121475,0.8038765678929041,0.8643905383092079,0.6206061658002014,1.0476609404019106
2021-05-22,0.824097415086811,0.015327299668381917,0.7938331319371419,0.8543616982364801,0.6105689935401556,1.0376258366334663
2021-05-23,0.8110497837049432,0.017606215103204186,0.7762857032337741,0.8458138641761123,0.5968372694471419,1.0252622979627446
2021-05-24,0.812699410362815,0.019724442041939596,0.7737528175616112,0.8516460031640188,0.5977684980573358,1.0276303226682941
2021-05-25,0.8151811090717601,0.021033094115468293,0.7736505375036131,0.8567116806399071,0.599766976878861,1.0305952412646593
2021-05-26,0.8029665390987692,0.026192396121854936,0.7512487473317478,0.8546843308657907,0.585358657902109,1.0205744202954294
2021-05-27,0.8016867863129714,0.027652202022572025,0.747086557320951,0.8562870153049918,0.5833758956555791,1.0199976769703638
2021-05-28,0.7825038127071587,0.032907767294704175,0.7175262883696649,0.8474813370446526,0.561369150922371,1.0036384744919464
2021-05-29,0.7673865294409447,0.030126495529393463,0.7079007223688986,0.8268723365129907,0.5478027841029631,0.9869702747789262
2021-05-30,0.7496662210072226,0.026567348786740257,0.6972080722390772,0.8021243697753679,0.5318811954755673,0.9674512465388778
2021-05-31,0.7582662734260911,0.02155010283932457,0.7157148502566727,0.8008176965955095,0.5426530002090052,0.973879546643177
2021-06-01,0.7953435009542251,0.019771573540541185,0.7563038453794207,0.8343831565290295,0.5803957057083976,1.0102912962000525
2021-06-02,0.7423112862987545,0.017807910953324256,0.7071489503977175,0.7774736221997915,0.5280337796872108,0.9565887929102983
2021-06-03,0.7511170970841504,0.015922993981940678,0.719676594915721,0.7825575992525798,0.5374187930425744,0.9648154011257264
2021-06-04,0.7556213263257843,0.013676860380027947,0.7286158926163151,0.7826267600352534,0.5425303752661972,0.9687122773853714
2021-06-05,0.74564675632642,0.013922851583392654,0.7181556044805517,0.7731379081722882,0.532493704733309,0.9587998079195309
2021-06-06,0.7345485074189134,0.014151326072716344,0.7066062247941753,0.7624907900436515,0.5213368024589756,0.9477602123788512
2021-06-07,0.7395456094897718,0.015271675825807443,0.7093911575405077,0.7697000614390358,0.5260327271009021,0.9530584918786414
2021-06-08,0.7351380562711901,0.016184767073491202,0.7031806740824664,0.7670954384599138,0.52136309457081,0.9489130179715702
2021-06-09,0.7334577221495105,0.018064824143655504,0.6977881022711719,0.7691273420278492,0.5190963875858631,0.947819056713158
2021-06-10,0.7339032061465578,0.019720626575736113,0.6949641471152957,0.7728422651778198,0.5189736588714496,0.948832753421666
2021-06-11,0.7147499531312479,0.019856348310874985,0.6755429068412595,0.7539569994212363,0.4997716927130649,0.9297282135494309
2021-06-12,0.6947973813317837,0.019192928243028012,0.6569002809040734,0.732694481759494,0.4800541621269139,0.9095406005366535
2021-06-13,0.7019238608253836,0.02049378707978617,0.6614581696461914,0.7423895520045758,0.48671249463797106,0.9171352270127962
2021-06-14,0.7375187651546434,0.022008004038424962,0.694063200235277,0.7809743300740098,0.5217252386157223,0.9533122916935646
2021-06-15,0.756497827504119,0.024299155379419072,0.7085183050434495,0.8044773499647885,0.5397479842534335,0.9732476707548045
2021-06-16,0.7563952896342033,0.030074999642330652,0.697011162971677,0.8157794162967297,0.5368390679662356,0.9759515113021711
2021-06-17,0.7515196866102501,0.04365022685245447,0.6653308044462838,0.8377085687742165,0.5232501455358508,0.9797892276846495
2021-06-18,0.7936927913024445,0.0417936694639047,0.7111697458942237,0.8762158367106654,0.5667819872469961,1.020603595357893
2021-06-19,0.8226667194264449,0.03874203651327685,0.7461692287920487,0.899164210060841,0.5978772044418657,1.047456234411024
2021-06-20,0.8042624508441161,0.038774289443238366,0.7277012756843384,0.8808236260038937,0.5794512555813156,1.0290736461069165
2021-06-21,0.9409790350297145,0.027023236714613486,0.8876207197852698,0.9943373502741591,0.7229754346480503,1.1589826354113788
2021-06-22,1.0520201919246608,0.02956590840550069,0.9936412835115186,1.110399100337803,0.8327337196534491,1.2713066641958723
2021-06-23,1.204797763295042,0.038088361472222415,1.1295909766305794,1.2800045499595045,0.9804442014021297,1.4291513251879542
2021-06-24,1.4678861840514879,0.0728683142456806,1.3240051780893234,1.6117671900136523,1.212190654465366,1.7235817136376097
2021-06-25,1.4510987563974767,0.05838629000904061,1.3358130080188884,1.566384504776065,1.2103306859378453,1.691866826857108
2021-06-26,1.413213036138079,0.0835539766829434,1.2482328202276534,1.5781932520485047,1.1450770042149272,1.6813490680612309
2021-06-27,2.103738407536042,0.06415656647926939,1.9770590487547604,2.230417766317324,1.857311704610244,2.35016511046184
2021-06-28,2.4880591133036685,0.06659952385070204,2.3565560507251595,2.6195621758821774,2.2391183262856105,2.7369999003217265
2021-06-29,2.869140667372523,0.05370132646651127,2.763105541495266,2.9751757932497798,2.6326625333020583,3.1056188014429873
2021-06-30,2.909749595960103,0.0558072367416296,2.7995562774309826,3.019942914489224,2.671377979734297,3.1481212121859095
2021-07-01,2.7416198721420804,0.04972334285315391,2.6434394124515714,2.8398003318325893,2.5085579433791816,2.974681800904979
2021-07-02,2.5345243200282708,0.041335171881266244,2.452906593949914,2.6161420461066274,2.3079411935959513,2.7611074464605903
2021-07-03,2.2926861420774935,0.044726342797163615,2.204372431773073,2.380999852381914,2.0636058692442005,2.5217664149107866
2021-07-04,2.0788418256520416,0.036862721281963745,2.006055107920799,2.1516285433832842,1.8552878808160571,2.302395770488026
2021-07-05,1.6980782492780506,0.03527349287586176,1.628429517983583,1.7677269805725182,1.475526219980244,1.9206302785758573
2021-07-06,1.529671403616759,0.02705991395618269,1.476240667890689,1.5831021393428288,1.3116500663722774,1.7476927408612404
2021-07-07,1.3962197952878284,0.026057235121302712,1.3447688835897043,1.4476707069859525,1.178675187705358,1.6137644028702987
2021-07-08,1.3245197969104974,0.02068375466603444,1.2836790081639666,1.3653605856570281,1.1092375867790478,1.539802007041947
2021-07-09,1.2177080912648668,0.020207774097235467,1.1778071426088637,1.25760903992087,1.0026021971631667,1.432813985366567
2021-07-10,1.145042890759669,0.01873749350200312,1.1080450619751567,1.1820407195441813,0.9304565461139509,1.3596292354053872
2021-07-11,1.083922892321011,0.016538197796720663,1.0512676489491022,1.1165781356929196,0.8700424937490019,1.29780329089302
2021-07-12,1.009766591272401,0.015514399444374329,0.9791328731459007,1.0404003093989012,0.7961854950585818,1.2233476874862201
2021-07-13,0.9692925742931771,0.015866655888840932,0.9379633136375107,1.0006218349488434,0.7556106084025724,1.1829745401837817
2021-07-14,0.9309540131849801,0.015274113643611023,0.9007947476801733,0.9611132786897868,0.7174404509238622,1.144467575446098
2021-07-15,0.9029469629346553,0.014769776606771551,0.8737835283469709,0.9321103975223396,0.6895717865654418,1.1163221393038687
2021-07-16,0.878890724840911,0.013933581835080176,0.8513783857420781,0.9064030639397439,0.66573493961252,1.0920465100693022
2021-07-17,0.8448880101102204,0.014131632439015373,0.8169846132461491,0.8727914069742917,0.6316813978061067,1.0580946224143342
2021-07-18,0.8287819316200344,0.016477942206325136,0.7962456649947501,0.8613181982453187,0.6149196660855217,1.042644197154547
2021-07-19,0.8017787201450998,0.016902993782644933,0.7684031744858515,0.835154265804348,0.5877871618496955,1.015770278440504
2021-07-20,0.7956380292869074,0.014307272691324653,0.7673878246717399,0.8238882339020749,0.582385751375412,1.0088903071984028
2021-07-21,0.8054001640968813,0.014853355229874117,0.7760717006280788,0.8347286275656838,0.592002369489993,1.0187979587037697
2021-07-22,0.7950531408209525,0.016198377509988416,0.7630688843547726,0.8270373972871323,0.5812741600128823,1.0088321216290226
2021-07-23,0.8113095516314743,0.014766400331137125,0.7821527836167678,0.8404663196461809,0.5979352863258705,1.0246838169370782
2021-07-24,0.8302368459394517,0.013512470902533994,0.8035560049372007,0.8569176869417027,0.6171867878539627,1.0432869040249406
2021-07-25,0.8499572544563985,0.017042031162517228,0.8163071746832564,0.8836073342295405,0.6359227062115377,1.0639918027012594
2021-07-26,0.8674413639035992,0.02044351169983987,0.827074943200425,0.9078077846067734,0.6522486412245353,1.082634086582663
2021-07-27,0.8840908266248682,0.023632404192900143,0.8374278274354707,0.9307538258142656,0.6676286002042002,1.100553053045536
2021-07-28,0.8813142494291741,0.021926824285182122,0.8380189767394449,0.9246095221189033,0.6655529447174144,1.0970755541409338
2021-07-29,0.8921947125883383,0.018082671619876603,0.8564898522511094,0.9278995729255671,0.6778275112133522,1.1065619139633243
2021-07-30,0.916807687910399,0.018072509321976505,0.881122893381744,0.952492482439054,0.7024438277702272,1.1311715480505709
2021-07-31,0.927807715752115,0.015195449717025062,0.8978037748902244,0.9578116566140055,0.7143160380668088,1.1412993934374212
2021-08-01,0.9642020368699767,0.010203692541606784,0.9440544931452083,0.9843495805947452,0.7518712018700072,1.1765328718699464
2021-08-02,0.9768202640841205,0.009801445955187978,0.9574669701522545,0.9961735580159865,0.7645633208298278,1.1890772073384133
2021-08-03,0.9723257428298986,0.01053308778016773,0.9515277968174705,0.9931236888423267,0.7599322058943818,1.1847192797654154
2021-08-04,0.978547927895763,0.010487835668733419,0.9578393337419921,0.9992565220495337,0.7661631218349988,1.1909327339565272
2021-08-05,0.989860073124448,0.013069985176021547,0.9640529354885169,1.015667210760379,0.7769176669987476,1.2028024792501484
2021-08-06,0.9993606917516957,0.01480100590640272,0.97013559383211,1.0285857896712816,0.7859770786928383,1.212744304810553
2021-08-07,1.0045152359730989,0.01375517893385838,0.9773551595711608,1.0316753123750368,0.7914046315353986,1.2176258404107991
2021-08-08,1.021611353640512,0.014751091914093354,0.9924848126245599,1.050737894656464,0.8082412166362987,1.2349814906447254
2021-08-09,1.019413443384603,0.012911969506245388,0.9939183131521713,1.0449085736170345,0.8065086251225179,1.2323182616466881
2021-08-10,1.016274146518244,0.010804227439378039,0.9949408258738204,1.0376074671626678,0.8038275166476796,1.2287207763888086
2021-08-11,1.008597014757698,0.009345199861968042,0.9901445945119922,1.0270494350034036,0.7964203153145994,1.2207737142007964
2021-08-12,1.0107154667649443,0.00993055916835235,0.9911072343294859,1.0303236992004028,0.7984351267593617,1.2229958067705269
2021-08-13,1.0170738807914195,0.01127224979993311,0.9948164338138078,1.0393313277690313,0.8045324638402661,1.2296152977425727
2021-08-14,1.019524147847618,0.011898743352921138,0.9960296676880829,1.0430186280071532,0.8068496299297216,1.2321986657655144
2021-08-15,1.0180248838429873,0.012706115381794548,0.9929362196968656,1.043113547989109,0.8051683569468648,1.2308814107391097
2021-08-16,1.0104810828181634,0.012495383753738818,0.9858085155578634,1.0351536500784633,0.7976731986858859,1.223288966950441
2021-08-17,1.0036187606100095,0.012568329481031112,0.9788021594890103,1.028435361731009,0.790794129364372,1.216443391855647
2021-08-18,0.989614606358678,0.01146367987122182,0.966979174086449,1.0122500386309072,0.7770332742342567,1.2021959384830994
2021-08-19,0.9939110760639973,0.013018404735793727,0.9682057857907337,1.0196163663372608,0.7809809891301035,1.206841162997891
2021-08-20,0.9868445225879235,0.013518865796422435,0.9601510546465809,1.0135379905292663,0.7737928828280327,1.1998961623478144
2021-08-21,0.9796862019731776,0.013370782650927915,0.9532851293227148,1.0060872746236404,0.7666709992041314,1.1927014047422237
2021-08-22,0.9790743498759735,0.01414919679048055,0.9511362715926318,1.0070124281593154,0.7658631958717588,1.1922855038801883
2021-08-23,0.9630573256254628,0.01477447372763926,0.9338846164102181,0.9922300348407074,0.7496808814321075,1.1764337698188179
2021-08-24,0.9363310467641573,0.016007877642143852,0.9047229388737319,0.9679391546545828,0.7226080193243056,1.150054074204009
2021-08-25,0.9420594482821711,0.01970523929794141,0.903150771962943,0.9809681246013993,0.727135403404551,1.1569834931597913
2021-08-26,0.9247119235493622,0.01822559648969451,0.8887248531149287,0.9606989939837957,0.7102975368769756,1.1391263102217488
2021-08-27,0.9204624785371683,0.019278686908005545,0.882396044660281,0.9585289124140557,0.705689311307772,1.1352356457665647
2021-08-28,0.9217969972193161,0.022992187972397254,0.8763981270933231,0.967195867345309,0.7056037563851966,1.1379902380534355
2021-08-29,0.9276307243341648,0.024483788474896944,0.8792866374426276,0.9759748112257021,0.7107998900162125,1.1444615586521172
2021-08-30,0.90975057769327,0.02241576514391498,0.8654898743724257,0.9540112810141141,0.6937934758602934,1.1257076795262466
2021-08-31,0.891326900217722,0.019433482763640635,0.8529548165716845,0.9296989838637595,0.6764993489656042,1.1061544514698398
2021-09-01,0.8878278204303918,0.015769898141840835,0.8566896112916587,0.9189660295691249,0.6741737822237379,1.1014818586370456
2021-09-02,0.8933635809293727,0.014062766473509175,0.8655961622952928,0.9211309995634527,0.6801747221415761,1.1065524397171693
2021-09-03,0.8933993483120479,0.01426233766804208,0.8652378694540187,0.9215608271700771,0.6801588060478855,1.1066398905762105
2021-09-04,0.8875751476133206,0.01587981109533083,0.8562199115475874,0.9189303836790538,0.6738893717591925,1.1012609234674486
2021-09-05,0.8897679586310882,0.016765942330847262,0.8566630258020851,0.9228728914600912,0.6758184399327382,1.1037174773294383
2021-09-06,0.8873081430562172,0.01770877255856189,0.8523415593434329,0.9222747267690015,0.673062671808431,1.1015536143040032
2021-09-07,0.8837948782297766,0.02003653937547293,0.84423203845248,0.9233577180070733,0.6687514447915829,1.0988383116679703
2021-09-08,0.8889680817773538,0.015660249272525014,0.8580463781222878,0.9198897854324197,0.6753454899698051,1.1025906735849023
2021-09-09,0.8986736108787758,0.013944039345524104,0.8711406230639941,0.9262065986935576,0.6855151595059725,1.1118320622515792
2021-09-10,0.899716792456029,0.015873218866579133,0.868374572973898,0.93105901193816,0.6860329262056523,1.1134006587064058
2021-09-11,0.8989882066383722,0.0170950439227268,0.865233451337235,0.9327429619395095,0.6849371765565656,1.113039236720179
2021-09-12,0.9068395608356409,0.024865312649461378,0.8577421412699027,0.9559369804013791,0.6898395226290615,1.1238395990422203
2021-09-13,0.9051371063773096,0.024863388284484388,0.856043486536755,0.9542307262178642,0.6881379278473168,1.1221362849073024
2021-09-14,0.922135934423565,0.029783427121460846,0.8633275277848644,0.9809443410622656,0.7027347296296406,1.1415371392174896
2021-09-15,0.944819724830066,0.02219792111639935,0.9009891620736944,0.9886502875864377,0.7289503703464268,1.1606890793137052
2021-09-16,0.9782270508411736,0.016721119708312335,0.9452106218301461,1.011243479852201,0.7642912086868421,1.192162892995505
2021-09-17,0.9970725953360688,0.01669079252964649,0.9641160483879052,1.0300291422842325,0.7831459865180227,1.210999204154115
2021-09-18,0.9892236364904377,0.017889831749188526,0.9538995451454853,1.02454772783539,0.7749195268635121,1.2035277461173632
2021-09-19,0.9896316565445237,0.01685747943509181,0.9563459805382164,1.022917332550831,0.7756540965041314,1.203609216584916
2021-09-20,0.9588395969094976,0.017624567311370572,0.9240392793687608,0.9936399144502344,0.7446211988327243,1.173057994986271
2021-09-21,0.9763999257275894,0.016775100480454403,0.9432769098155362,1.0095229416396425,0.7624476082436393,1.1903522432115394
2021-09-22,1.0361704884244265,0.014008182210580448,1.0085108483047969,1.0638301285440561,0.8229956407871166,1.2493453360617364
2021-09-23,1.1293984865850337,0.015775635145897925,1.098248949533428,1.1605480236366394,0.9157427971401416,1.3430541760299257
2021-09-24,1.1234262340718022,0.01911219865610998,1.0856885370047558,1.1611639311388486,0.9087110884635639,1.3381413796800405
2021-09-25,1.1609090659842658,0.025945409846878816,1.1096789571569456,1.212139174811586,0.9434165741044267,1.378401557864105
2021-09-26,1.181691839997257,0.023043404723009617,1.136191840626317,1.2271918393681969,0.9654773402142905,1.3979063397802232
2021-09-27,1.2053665092458832,0.0259558505087084,1.154115784970786,1.2566172335209804,0.9878691604979849,1.4228638579937813
2021-09-28,1.2479164762387986,0.026290077383884017,1.196005809442488,1.2998271430351094,1.0302626747537789,1.4655702777238184
2021-09-29,1.2760885923533951,0.025618056784293325,1.2255048534666613,1.326672331240129,1.0587474443546692,1.493429740352121
2021-09-30,1.2845411046964577,0.022897410853563595,1.2393293752686014,1.3297528341243139,1.0683870844897991,1.5006951249031162
2021-10-01,1.2592057893215283,0.024315048002309388,1.2111948863274609,1.3072166923155957,1.0424489975480096,1.475962581095047
2021-10-02,1.253894987562288,0.023475642180365696,1.20754152038682,1.300248454737756,1.037499276207303,1.470290698917273
2021-10-03,1.2455562098432493,0.017872607972653932,1.2102661274405913,1.2808462922459074,1.0312577033397525,1.4598547163467461
2021-10-04,1.2436467574926318,0.015786464549486748,1.2124758374092042,1.2748176775760593,1.0299879495008004,1.457305565484463
2021-10-05,1.2396826450506018,0.014469649350731606,1.211111822107124,1.2682534679940796,1.0263876570707846,1.452977633030419
2021-10-06,1.2421499927174369,0.013857509393102173,1.2147878612855592,1.2695121241493146,1.029013542971885,1.4552864424629888
2021-10-07,1.2584629454595027,0.013621685588470007,1.2315664562836801,1.2853594346353252,1.0453857737502181,1.4715401171687872
2021-10-08,1.2654836736505954,0.014473990608921135,1.2369042787427196,1.2940630685584713,1.0521875372886278,1.478779810012563
2021-10-09,1.2765344931681322,0.015039710567385609,1.2468380646420185,1.3062309216942458,1.063085815868765,1.4899831704674993
2021-10-10,1.2761735503663647,0.015101371124731046,1.2463553709378064,1.305991729794923,1.0627079002067277,1.4896392005260017
2021-10-11,1.274136887547284,0.015859906018400195,1.2428209547441855,1.3054528203503826,1.060456875330486,1.4878168997640822
2021-10-12,1.291728326710745,0.017395108177644402,1.2573810841632955,1.3260755692581943,1.077583065160889,1.5058735882606007
2021-10-13,1.2938744117500023,0.017377788675147908,1.2595613671590689,1.3281874563409357,1.0797346326272474,1.5080141908727571
2021-10-14,1.2887607150800777,0.017448007244586984,1.2543090214959198,1.3232124086642356,1.0745986755762023,1.5029227545839532
2021-10-15,1.251386446729749,0.016298341241484257,1.2192048084193994,1.2835680850400988,1.0375778458317007,1.4651950476277975
2021-10-16,1.226974632081725,0.01624378792667138,1.1949007111777008,1.2590485529857491,1.0131822178669068,1.4407670462965432
2021-10-17,1.2047968464747973,0.014161170711039372,1.1768351252713036,1.232758567678291,0.9915825931372103,1.4180110998123843
2021-10-18,1.1733239877732582,0.013060246724939113,1.1475360790457045,1.1991118965008118,0.9603839112019761,1.3862640643445403
2021-10-19,1.1614405546637612,0.012816694066422683,1.136133549081489,1.1867475602460333,0.9485581822014457,1.3743229271260766
2021-10-20,1.1564928250472006,0.014388044708547442,1.1280831332912655,1.1849025168031357,0.9432193607828668,1.3697662893115345
2021-10-21,1.1632091187898057,0.016872469281038898,1.1298938448143891,1.1965243927652223,0.9492269525850028,1.3771912849946086
2021-10-22,1.1590607047115333,0.016754920440547494,1.1259775349860184,1.1921438744370483,0.945114552391072,1.3730068570319947
2021-10-23,1.1480049083658832,0.01628371833259553,1.115852143494734,1.1801576732370325,0.9342006514800526,1.3618091652517137
2021-10-24,1.1561975565655103,0.014186319481773419,1.128186178244662,1.1842089348863585,0.9429767853234089,1.3694183278076115
2021-10-25,1.1537903686613944,0.012137360687247236,1.1298247303248348,1.177756006997954,0.9410632857722578,1.366517451550531
2021-10-26,1.1754930280943936,0.012782777463503472,1.1502529920172808,1.2007330641715064,0.9626186064397082,1.388367449749079
2021-10-27,1.182828869708291,0.011048815763311811,1.1610126009614101,1.2046451384551717,0.9703332002096422,1.3953245392069396
2021-10-28,1.2002126572692189,0.011503628363970729,1.1774983453168038,1.222926969221634,0.9876229116531274,1.4128024028853103
2021-10-29,1.2104781274800662,0.012031201265157554,1.1867221045929752,1.2342341503671572,0.9977745577003025,1.42318169725983
2021-10-30,1.2130879933898866,0.011631951405934482,1.1901203031542356,1.2360556836255376,1.0004710261262093,1.425704960653564
2021-10-31,1.213584010004946,0.012552302333849776,1.1887990550402086,1.2383689649696834,1.000763066565991,1.426404953443901
2021-11-01,1.216578964172599,0.011465859718266445,1.1939392277170102,1.2392187006281878,1.0039971737002698,1.4291607546449283
2021-11-02,1.2156725506894668,0.013391441667895503,1.1892306860956985,1.242114415283235,1.0026522883273197,1.4286928130516139
2021-11-03,1.2070915354208474,0.014693860073134184,1.1780780006537088,1.2361050701879859,0.9937367952032304,1.4204462756384642
2021-11-04,1.205514923238742,0.014524243205773654,1.1768363028408546,1.2341935436366296,0.9922054690610874,1.4188243774163967
2021-11-05,1.1909271137027768,0.012773687858266658,1.165705025365485,1.2161492020400686,0.9780548193248165,1.403799408080737
2021-11-06,1.1687974455487433,0.011084683959209227,1.1469103538088896,1.190684537288597,0.9562944931963782,1.3813003979011085
2021-11-07,1.1565595487848075,0.011004399417171955,1.134830981649113,1.178288115920502,0.9440728654293247,1.3690462321402903
2021-11-08,1.1466124337057297,0.010530530180639942,1.1258195377620004,1.167405329649459,0.9342193912222962,1.3590054761891632
2021-11-09,1.143414936469834,0.01101168552435706,1.1216719826635793,1.1651578902760888,0.9309267814732232,1.355903091466445
2021-11-10,1.1366416471721137,0.011436996699656629,1.1140589017447333,1.159224392599494,0.924065918631246,1.3492173757129815
2021-11-11,1.1212555585944262,0.011042064746357206,1.0994526199639445,1.1430584972249078,0.9087612572436197,1.3337498599452327
2021-11-12,1.102241672530408,0.010691833138677609,1.0811302783188461,1.12335306674197,0.8898172131590851,1.314666131901731
2021-11-13,1.0689608269962827,0.009957601315347847,1.0492991989065763,1.088622455085989,0.856675548201966,1.2812461057905993
2021-11-14,1.03470145631904,0.010282011559631793,1.0143992689852344,1.0550036436528456,0.8223558917687538,1.2470470208693263
2021-11-15,1.023534724193908,0.010278116857176115,1.0032402270847636,1.0438292213030522,0.8111898947617885,1.2358795536260274
2021-11-16,0.999083790305832,0.009472256074476344,0.9803804931754518,1.0177870874362123,0.786885125613544,1.2112824549981203
2021-11-17,0.9866218506194291,0.009073832974045891,0.968705253676667,1.004538447562191,0.774491078642207,1.1987526225966512
2021-11-18,0.9856173471448794,0.00945112714217287,0.9669557698218832,1.0042789244678756,0.7734223555879979,1.1978123387017607
2021-11-19,0.9713472699853662,0.010094336532019603,0.9514156534826049,0.9912788864881276,0.7590368149671172,1.1836577250036153
